--------------------------------------------------------
--  File created - Wednesday-April-27-2016   
--------------------------------------------------------
--------------------------------------------------------
--  DDL for Table DIMABSENCECODE
--------------------------------------------------------

  CREATE TABLE "SCHOOLS_K12_DW"."DIMABSENCECODE" 
   (	"ABSENCECODEID" NUMBER, 
	"ABSENCECODE" VARCHAR2(20 BYTE), 
	"ABSENCECODEDESC" VARCHAR2(50 BYTE), 
	"UNEXCUSED" VARCHAR2(20 BYTE)
   ) SEGMENT CREATION IMMEDIATE 
  PCTFREE 10 PCTUSED 40 INITRANS 1 MAXTRANS 255 
 NOCOMPRESS LOGGING
  STORAGE(INITIAL 65536 NEXT 1048576 MINEXTENTS 1 MAXEXTENTS 2147483645
  PCTINCREASE 0 FREELISTS 1 FREELIST GROUPS 1
  BUFFER_POOL DEFAULT FLASH_CACHE DEFAULT CELL_FLASH_CACHE DEFAULT)
  TABLESPACE "USERS" ;
--------------------------------------------------------
--  DDL for Table DIMASSIGNMENGT
--------------------------------------------------------

  CREATE TABLE "SCHOOLS_K12_DW"."DIMASSIGNMENGT" 
   (	"ASSIGNMENTID" NUMBER, 
	"ASSIGNMENT" VARCHAR2(50 BYTE)
   ) SEGMENT CREATION IMMEDIATE 
  PCTFREE 10 PCTUSED 40 INITRANS 1 MAXTRANS 255 
 NOCOMPRESS LOGGING
  STORAGE(INITIAL 65536 NEXT 1048576 MINEXTENTS 1 MAXEXTENTS 2147483645
  PCTINCREASE 0 FREELISTS 1 FREELIST GROUPS 1
  BUFFER_POOL DEFAULT FLASH_CACHE DEFAULT CELL_FLASH_CACHE DEFAULT)
  TABLESPACE "USERS" ;
--------------------------------------------------------
--  DDL for Table DIMCOURSE
--------------------------------------------------------

  CREATE TABLE "SCHOOLS_K12_DW"."DIMCOURSE" 
   (	"COURSEID" NUMBER, 
	"SUBJECTID" NUMBER, 
	"COURSESISID" VARCHAR2(50 BYTE), 
	"OURSETITLE" VARCHAR2(50 BYTE), 
	"COURSELEVEL" VARCHAR2(50 BYTE)
   ) SEGMENT CREATION DEFERRED 
  PCTFREE 10 PCTUSED 40 INITRANS 1 MAXTRANS 255 
 NOCOMPRESS LOGGING
  TABLESPACE "USERS" ;
--------------------------------------------------------
--  DDL for Table DIMDATE
--------------------------------------------------------

  CREATE TABLE "SCHOOLS_K12_DW"."DIMDATE" 
   (	"DATEPK" VARCHAR2(21 BYTE), 
	"DATENAME" VARCHAR2(50 BYTE), 
	"YEAR" VARCHAR2(18 BYTE), 
	"YEARNAME" VARCHAR2(50 BYTE), 
	"HALFYEAR" VARCHAR2(13 BYTE), 
	"HALFYEARNAME" VARCHAR2(50 BYTE), 
	"QUARTER" VARCHAR2(11 BYTE), 
	"QUARTERNAME" VARCHAR2(50 BYTE), 
	"MONTH" VARCHAR2(21 BYTE), 
	"MONTHNAME" VARCHAR2(50 BYTE), 
	"WEEK" VARCHAR2(6 BYTE), 
	"WEEKNAME" VARCHAR2(50 BYTE), 
	"DAYOFYEAR" VARCHAR2(13 BYTE), 
	"DAYOFYEARNAME" VARCHAR2(50 BYTE), 
	"DAYOFHALFYEAR" VARCHAR2(8 BYTE), 
	"DAYOFHALFYEARNAME" VARCHAR2(50 BYTE), 
	"DAYOFQUARTER" VARCHAR2(2 BYTE), 
	"DAYOFQUARTERNAME" VARCHAR2(50 BYTE), 
	"DAYOFMONTH" VARCHAR2(2 BYTE), 
	"DAYOFMONTHNAME" VARCHAR2(50 BYTE), 
	"DAYOFWEEK" VARCHAR2(2 BYTE), 
	"DAYOFWEEKNAME" VARCHAR2(50 BYTE), 
	"WEEKOFYEAR" VARCHAR2(2 BYTE), 
	"WEEKOFYEARNAME" VARCHAR2(50 BYTE), 
	"MONTHOFYEAR" VARCHAR2(1 BYTE), 
	"MONTHOFYEARNAME" VARCHAR2(50 BYTE), 
	"MONTHOFHALFYEAR" VARCHAR2(2 BYTE), 
	"MONTHOFHALFYEARNAME" VARCHAR2(50 BYTE), 
	"MONTHOFQUARTER" VARCHAR2(1 BYTE), 
	"MONTHOFQUARTERNAME" VARCHAR2(50 BYTE), 
	"QUARTEROFYEAR" VARCHAR2(1 BYTE), 
	"QUARTEROFYEARNAME" VARCHAR2(50 BYTE), 
	"QUARTEROFHALFYEAR" VARCHAR2(1 BYTE), 
	"QUARTEROFHALFYEARNAME" VARCHAR2(50 BYTE), 
	"HALFYEAROFYEAR" VARCHAR2(1 BYTE), 
	"HALFYEAROFYEARNAME" VARCHAR2(50 BYTE), 
	"SCHOOLYEAR" VARCHAR2(1 BYTE), 
	"SCHOOLYEARNAME" VARCHAR2(50 BYTE), 
	"SCHOOLHALFYEAR" VARCHAR2(1 BYTE), 
	"SCHOOLHALFYEARNAME" VARCHAR2(50 BYTE), 
	"SCHOOLQUARTER" VARCHAR2(21 BYTE), 
	"SCHOOLQUARTERNAME" VARCHAR2(50 BYTE), 
	"SCHOOLMONTH" VARCHAR2(21 BYTE), 
	"SCHOOLMONTHNAME" VARCHAR2(50 BYTE), 
	"SCHOOLWEEK" VARCHAR2(6 BYTE), 
	"SCHOOLWEEKNAME" VARCHAR2(50 BYTE), 
	"SCHOOLDATE" DATE, 
	"SCHOOLDAYNAME" VARCHAR2(50 BYTE), 
	"SCHOOLDAYOFYEAR" VARCHAR2(21 BYTE), 
	"SCHOOLDAYOFYEARNAME" VARCHAR2(50 BYTE), 
	"SCHOOLDAYOFHALFYEAR" VARCHAR2(6 BYTE), 
	"SCHOOLDAYOFHALFYEARNAME" VARCHAR2(50 BYTE), 
	"SCHOOLDAYOFQUARTER" VARCHAR2(15 BYTE), 
	"SCHOOLDAYOFQUARTERNAME" VARCHAR2(50 BYTE), 
	"SCHOOLDAYOFMONTH" VARCHAR2(21 BYTE), 
	"SCHOOLDAYOFMONTHNAME" VARCHAR2(50 BYTE), 
	"SCHOOLDAYOFWEEK" VARCHAR2(18 BYTE), 
	"SCHOOLDAYOFWEEKNAME" VARCHAR2(50 BYTE), 
	"SCHOOLWEEKOFYEAR" VARCHAR2(7 BYTE), 
	"SCHOOLWEEKOFYEARNAME" VARCHAR2(50 BYTE), 
	"SCHOOLMONTHOFYEAR" VARCHAR2(6 BYTE), 
	"SCHOOLMONTHOFYEARNAME" VARCHAR2(50 BYTE), 
	"SCHOOLMONTHOFHALFYEAR" VARCHAR2(50 BYTE), 
	"SCHOOLMONTHOFHALFYEARNAME" VARCHAR2(50 BYTE), 
	"SCHOOLMONTHOFQUARTER" VARCHAR2(50 BYTE), 
	"SCHOOLMONTHOFQUARTERNAME" VARCHAR2(50 BYTE), 
	"SCHOOLQUARTEROFYEAR" VARCHAR2(5 BYTE), 
	"SCHOOLQUARTEROFYEARNAME" VARCHAR2(50 BYTE), 
	"SCHOOLQUARTEROFHALFYEAR" NUMBER(7,0), 
	"SCHOOLQUARTEROFHALFYEARNAME" VARCHAR2(50 BYTE), 
	"SCHOOLHALFYEAROFYEAR" NUMBER(8,0), 
	"SCHOOLHALFYEAROFYEARNAME" VARCHAR2(50 BYTE), 
	"SCHOOLDAY" NUMBER(7,0), 
	"SCHOOLNINEWEEKS" NUMBER(10,0)
   ) SEGMENT CREATION DEFERRED 
  PCTFREE 10 PCTUSED 40 INITRANS 1 MAXTRANS 255 
 NOCOMPRESS LOGGING
  TABLESPACE "USERS" ;
--------------------------------------------------------
--  DDL for Table DIMDISCIPLINEACTIONCODE
--------------------------------------------------------

  CREATE TABLE "SCHOOLS_K12_DW"."DIMDISCIPLINEACTIONCODE" 
   (	"DISCIPLINEACTIONCODEID" NUMBER, 
	"DISCIPLINEACTIONCODE" VARCHAR2(20 BYTE), 
	"DISCIPLINEACTIONDESC" VARCHAR2(50 BYTE)
   ) SEGMENT CREATION IMMEDIATE 
  PCTFREE 10 PCTUSED 40 INITRANS 1 MAXTRANS 255 
 NOCOMPRESS LOGGING
  STORAGE(INITIAL 65536 NEXT 1048576 MINEXTENTS 1 MAXEXTENTS 2147483645
  PCTINCREASE 0 FREELISTS 1 FREELIST GROUPS 1
  BUFFER_POOL DEFAULT FLASH_CACHE DEFAULT CELL_FLASH_CACHE DEFAULT)
  TABLESPACE "USERS" ;
--------------------------------------------------------
--  DDL for Table DIMDISCIPLINEEVENTCODE
--------------------------------------------------------

  CREATE TABLE "SCHOOLS_K12_DW"."DIMDISCIPLINEEVENTCODE" 
   (	"DISCIPLINEEVENTCODEID" NUMBER, 
	"DISCIPLINEEVENTCODE" VARCHAR2(20 BYTE), 
	"DISCIPLINEEVENTDESC" VARCHAR2(50 BYTE)
   ) SEGMENT CREATION IMMEDIATE 
  PCTFREE 10 PCTUSED 40 INITRANS 1 MAXTRANS 255 
 NOCOMPRESS LOGGING
  STORAGE(INITIAL 65536 NEXT 1048576 MINEXTENTS 1 MAXEXTENTS 2147483645
  PCTINCREASE 0 FREELISTS 1 FREELIST GROUPS 1
  BUFFER_POOL DEFAULT FLASH_CACHE DEFAULT CELL_FLASH_CACHE DEFAULT)
  TABLESPACE "USERS" ;
--------------------------------------------------------
--  DDL for Table DIMENROLLMENTCODE
--------------------------------------------------------

  CREATE TABLE "SCHOOLS_K12_DW"."DIMENROLLMENTCODE" 
   (	"ENROLLMENTCODEID" NUMBER, 
	"ENROLLMENTCODE" VARCHAR2(20 BYTE), 
	"ENROLLMENTCODEDESC" VARCHAR2(50 BYTE)
   ) SEGMENT CREATION IMMEDIATE 
  PCTFREE 10 PCTUSED 40 INITRANS 1 MAXTRANS 255 
 NOCOMPRESS LOGGING
  STORAGE(INITIAL 65536 NEXT 1048576 MINEXTENTS 1 MAXEXTENTS 2147483645
  PCTINCREASE 0 FREELISTS 1 FREELIST GROUPS 1
  BUFFER_POOL DEFAULT FLASH_CACHE DEFAULT CELL_FLASH_CACHE DEFAULT)
  TABLESPACE "USERS" ;
--------------------------------------------------------
--  DDL for Table DIMFACILITY
--------------------------------------------------------

  CREATE TABLE "SCHOOLS_K12_DW"."DIMFACILITY" 
   (	"FACILITYID" NUMBER(1,0), 
	"FACILITY" VARCHAR2(100 BYTE), 
	"ADDRESS" VARCHAR2(50 BYTE), 
	"CITY" VARCHAR2(50 BYTE), 
	"ZIP" VARCHAR2(20 BYTE), 
	"ACTIVE" VARCHAR2(20 BYTE), 
	"CHARTER" VARCHAR2(10 BYTE), 
	"FACILITYADCODE" VARCHAR2(50 BYTE), 
	"FACLEVEL" VARCHAR2(50 BYTE), 
	"FACILITYNAME" VARCHAR2(50 BYTE), 
	"FACILITYTYPE" VARCHAR2(50 BYTE)
   ) SEGMENT CREATION IMMEDIATE 
  PCTFREE 10 PCTUSED 40 INITRANS 1 MAXTRANS 255 
 NOCOMPRESS LOGGING
  STORAGE(INITIAL 65536 NEXT 1048576 MINEXTENTS 1 MAXEXTENTS 2147483645
  PCTINCREASE 0 FREELISTS 1 FREELIST GROUPS 1
  BUFFER_POOL DEFAULT FLASH_CACHE DEFAULT CELL_FLASH_CACHE DEFAULT)
  TABLESPACE "USERS" ;
--------------------------------------------------------
--  DDL for Table DIMGRADETYPE
--------------------------------------------------------

  CREATE TABLE "SCHOOLS_K12_DW"."DIMGRADETYPE" 
   (	"GRADETYPEID" NUMBER(2,0), 
	"GRADETYPE" VARCHAR2(50 BYTE)
   ) SEGMENT CREATION IMMEDIATE 
  PCTFREE 10 PCTUSED 40 INITRANS 1 MAXTRANS 255 
 NOCOMPRESS LOGGING
  STORAGE(INITIAL 65536 NEXT 1048576 MINEXTENTS 1 MAXEXTENTS 2147483645
  PCTINCREASE 0 FREELISTS 1 FREELIST GROUPS 1
  BUFFER_POOL DEFAULT FLASH_CACHE DEFAULT CELL_FLASH_CACHE DEFAULT)
  TABLESPACE "USERS" ;
--------------------------------------------------------
--  DDL for Table DIMHSGTDOMAIN
--------------------------------------------------------

  CREATE TABLE "SCHOOLS_K12_DW"."DIMHSGTDOMAIN" 
   (	"HSGTDOMAINID" NUMBER(2,0), 
	"HSGTDOMAIN" VARCHAR2(200 BYTE), 
	"SUBJECTID" NUMBER(23,0)
   ) SEGMENT CREATION IMMEDIATE 
  PCTFREE 10 PCTUSED 40 INITRANS 1 MAXTRANS 255 
 NOCOMPRESS LOGGING
  STORAGE(INITIAL 65536 NEXT 1048576 MINEXTENTS 1 MAXEXTENTS 2147483645
  PCTINCREASE 0 FREELISTS 1 FREELIST GROUPS 1
  BUFFER_POOL DEFAULT FLASH_CACHE DEFAULT CELL_FLASH_CACHE DEFAULT)
  TABLESPACE "USERS" ;
--------------------------------------------------------
--  DDL for Table DIMPERIOD
--------------------------------------------------------

  CREATE TABLE "SCHOOLS_K12_DW"."DIMPERIOD" 
   (	"PERIODID" NUMBER, 
	"PERIOD" VARCHAR2(20 BYTE)
   ) SEGMENT CREATION IMMEDIATE 
  PCTFREE 10 PCTUSED 40 INITRANS 1 MAXTRANS 255 
 NOCOMPRESS LOGGING
  STORAGE(INITIAL 65536 NEXT 1048576 MINEXTENTS 1 MAXEXTENTS 2147483645
  PCTINCREASE 0 FREELISTS 1 FREELIST GROUPS 1
  BUFFER_POOL DEFAULT FLASH_CACHE DEFAULT CELL_FLASH_CACHE DEFAULT)
  TABLESPACE "USERS" ;
--------------------------------------------------------
--  DDL for Table DIMSPECIALPROGRAM
--------------------------------------------------------

  CREATE TABLE "SCHOOLS_K12_DW"."DIMSPECIALPROGRAM" 
   (	"PROGRAMID" NUMBER, 
	"PROGRAMCODE" VARCHAR2(10 BYTE), 
	"PROGRAM" VARCHAR2(100 BYTE)
   ) SEGMENT CREATION IMMEDIATE 
  PCTFREE 10 PCTUSED 40 INITRANS 1 MAXTRANS 255 
 NOCOMPRESS LOGGING
  STORAGE(INITIAL 65536 NEXT 1048576 MINEXTENTS 1 MAXEXTENTS 2147483645
  PCTINCREASE 0 FREELISTS 1 FREELIST GROUPS 1
  BUFFER_POOL DEFAULT FLASH_CACHE DEFAULT CELL_FLASH_CACHE DEFAULT)
  TABLESPACE "USERS" ;
--------------------------------------------------------
--  DDL for Table DIMSTAFF
--------------------------------------------------------

  CREATE TABLE "SCHOOLS_K12_DW"."DIMSTAFF" 
   (	"STAFFID" NUMBER, 
	"STAFFTYPEID" NUMBER, 
	"STAFFFIRSTNAME" VARCHAR2(50 BYTE), 
	"STAFFLASTNAME" VARCHAR2(50 BYTE), 
	"STAFFNAME" VARCHAR2(100 BYTE), 
	"STAFFADUSERNAME" VARCHAR2(50 BYTE), 
	"GRADELEVEL" VARCHAR2(50 BYTE), 
	"PRIMARYFACILITYID" NUMBER
   ) SEGMENT CREATION IMMEDIATE 
  PCTFREE 10 PCTUSED 40 INITRANS 1 MAXTRANS 255 
 NOCOMPRESS LOGGING
  STORAGE(INITIAL 65536 NEXT 1048576 MINEXTENTS 1 MAXEXTENTS 2147483645
  PCTINCREASE 0 FREELISTS 1 FREELIST GROUPS 1
  BUFFER_POOL DEFAULT FLASH_CACHE DEFAULT CELL_FLASH_CACHE DEFAULT)
  TABLESPACE "USERS" ;
--------------------------------------------------------
--  DDL for Table DIMSTANDARIZEDTESTDOMAIN
--------------------------------------------------------

  CREATE TABLE "SCHOOLS_K12_DW"."DIMSTANDARIZEDTESTDOMAIN" 
   (	"STANDARDIZEDTESTDOMAINID" NUMBER(2,0), 
	"STANDARDIZEDTESTDOMAIN" VARCHAR2(50 BYTE), 
	"SUBJECTID" NUMBER(20,0)
   ) SEGMENT CREATION IMMEDIATE 
  PCTFREE 10 PCTUSED 40 INITRANS 1 MAXTRANS 255 
 NOCOMPRESS LOGGING
  STORAGE(INITIAL 65536 NEXT 1048576 MINEXTENTS 1 MAXEXTENTS 2147483645
  PCTINCREASE 0 FREELISTS 1 FREELIST GROUPS 1
  BUFFER_POOL DEFAULT FLASH_CACHE DEFAULT CELL_FLASH_CACHE DEFAULT)
  TABLESPACE "USERS" ;
--------------------------------------------------------
--  DDL for Table DIMSUBJECT
--------------------------------------------------------

  CREATE TABLE "SCHOOLS_K12_DW"."DIMSUBJECT" 
   (	"SUBJECTID" NUMBER(20,0), 
	"SUBJECTCODE" VARCHAR2(50 BYTE), 
	"SUBJECTNAME" VARCHAR2(200 BYTE)
   ) SEGMENT CREATION IMMEDIATE 
  PCTFREE 10 PCTUSED 40 INITRANS 1 MAXTRANS 255 
 NOCOMPRESS LOGGING
  STORAGE(INITIAL 65536 NEXT 1048576 MINEXTENTS 1 MAXEXTENTS 2147483645
  PCTINCREASE 0 FREELISTS 1 FREELIST GROUPS 1
  BUFFER_POOL DEFAULT FLASH_CACHE DEFAULT CELL_FLASH_CACHE DEFAULT)
  TABLESPACE "USERS" ;
--------------------------------------------------------
--  DDL for Table DIMWITHDRAWALCODE
--------------------------------------------------------

  CREATE TABLE "SCHOOLS_K12_DW"."DIMWITHDRAWALCODE" 
   (	"WITHDRAWALCODEID" NUMBER(3,0), 
	"WITHDRAWALCODE" VARCHAR2(10 BYTE), 
	"WITHDRAWALCODEDESC" VARCHAR2(50 BYTE)
   ) SEGMENT CREATION IMMEDIATE 
  PCTFREE 10 PCTUSED 40 INITRANS 1 MAXTRANS 255 
 NOCOMPRESS LOGGING
  STORAGE(INITIAL 65536 NEXT 1048576 MINEXTENTS 1 MAXEXTENTS 2147483645
  PCTINCREASE 0 FREELISTS 1 FREELIST GROUPS 1
  BUFFER_POOL DEFAULT FLASH_CACHE DEFAULT CELL_FLASH_CACHE DEFAULT)
  TABLESPACE "USERS" ;
REM INSERTING into SCHOOLS_K12_DW.DIMABSENCECODE
SET DEFINE OFF;
Insert into SCHOOLS_K12_DW.DIMABSENCECODE (ABSENCECODEID,ABSENCECODE,ABSENCECODEDESC,UNEXCUSED) values (1,'1','Missing','Y');
Insert into SCHOOLS_K12_DW.DIMABSENCECODE (ABSENCECODEID,ABSENCECODE,ABSENCECODEDESC,UNEXCUSED) values (5,'A','ACCOUNTABLE ABSENCE-UNEXCUSED','Y');
Insert into SCHOOLS_K12_DW.DIMABSENCECODE (ABSENCECODEID,ABSENCECODE,ABSENCECODEDESC,UNEXCUSED) values (6,'B','FUNERAL','N');
Insert into SCHOOLS_K12_DW.DIMABSENCECODE (ABSENCECODEID,ABSENCECODE,ABSENCECODEDESC,UNEXCUSED) values (7,'C','COURT','N');
Insert into SCHOOLS_K12_DW.DIMABSENCECODE (ABSENCECODEID,ABSENCECODE,ABSENCECODEDESC,UNEXCUSED) values (8,'D','TARDY - EXCUSED MEDICAL','N');
Insert into SCHOOLS_K12_DW.DIMABSENCECODE (ABSENCECODEID,ABSENCECODE,ABSENCECODEDESC,UNEXCUSED) values (9,'E','EXCUSED ABSENCE','N');
Insert into SCHOOLS_K12_DW.DIMABSENCECODE (ABSENCECODEID,ABSENCECODE,ABSENCECODEDESC,UNEXCUSED) values (10,'F','FIELD TRIP','N');
Insert into SCHOOLS_K12_DW.DIMABSENCECODE (ABSENCECODEID,ABSENCECODE,ABSENCECODEDESC,UNEXCUSED) values (11,'H','HOSPITAL/HOMEBOUND','N');
Insert into SCHOOLS_K12_DW.DIMABSENCECODE (ABSENCECODEID,ABSENCECODE,ABSENCECODEDESC,UNEXCUSED) values (12,'I','IN SCHOOL SUSPENSION','Y');
Insert into SCHOOLS_K12_DW.DIMABSENCECODE (ABSENCECODEID,ABSENCECODE,ABSENCECODEDESC,UNEXCUSED) values (13,'L','TARDY-EXCUSED/DENTAL/MEDICAL','N');
Insert into SCHOOLS_K12_DW.DIMABSENCECODE (ABSENCECODEID,ABSENCECODE,ABSENCECODEDESC,UNEXCUSED) values (14,'M','MEDICAL NOTE -  EXCUSED','N');
Insert into SCHOOLS_K12_DW.DIMABSENCECODE (ABSENCECODEID,ABSENCECODE,ABSENCECODEDESC,UNEXCUSED) values (15,'N','HEAD LICE-EXCUSED(3 DAYS ONLY)','N');
Insert into SCHOOLS_K12_DW.DIMABSENCECODE (ABSENCECODEID,ABSENCECODE,ABSENCECODEDESC,UNEXCUSED) values (16,'O','OUT OF SCHOOL SUSPENSION','Y');
Insert into SCHOOLS_K12_DW.DIMABSENCECODE (ABSENCECODEID,ABSENCECODE,ABSENCECODEDESC,UNEXCUSED) values (17,'P','PREARRANGED EXCUSED','N');
Insert into SCHOOLS_K12_DW.DIMABSENCECODE (ABSENCECODEID,ABSENCECODE,ABSENCECODEDESC,UNEXCUSED) values (18,'Q','HEAD LICE-UNEXCUSED(AFTER 3 DA','Y');
Insert into SCHOOLS_K12_DW.DIMABSENCECODE (ABSENCECODEID,ABSENCECODE,ABSENCECODEDESC,UNEXCUSED) values (19,'R','SCHOOL RELATED ACTIVITIES','N');
Insert into SCHOOLS_K12_DW.DIMABSENCECODE (ABSENCECODEID,ABSENCECODE,ABSENCECODEDESC,UNEXCUSED) values (20,'S','SKIPPING CLASS','Y');
Insert into SCHOOLS_K12_DW.DIMABSENCECODE (ABSENCECODEID,ABSENCECODE,ABSENCECODEDESC,UNEXCUSED) values (21,'T','TARDY - UNEXCUSED','Y');
Insert into SCHOOLS_K12_DW.DIMABSENCECODE (ABSENCECODEID,ABSENCECODE,ABSENCECODEDESC,UNEXCUSED) values (22,'U','UNACCOUNTABLE ABSENCE','Y');
Insert into SCHOOLS_K12_DW.DIMABSENCECODE (ABSENCECODEID,ABSENCECODE,ABSENCECODEDESC,UNEXCUSED) values (23,'V','''VISIT TO COLLEGES','MILITARY');
Insert into SCHOOLS_K12_DW.DIMABSENCECODE (ABSENCECODEID,ABSENCECODE,ABSENCECODEDESC,UNEXCUSED) values (24,'W','RELIGIOUS EXEMPTION','N');
Insert into SCHOOLS_K12_DW.DIMABSENCECODE (ABSENCECODEID,ABSENCECODE,ABSENCECODEDESC,UNEXCUSED) values (25,'X','UP FOR EXPLUSION-UNEXCUSED','Y');
Insert into SCHOOLS_K12_DW.DIMABSENCECODE (ABSENCECODEID,ABSENCECODE,ABSENCECODEDESC,UNEXCUSED) values (26,'Y','UNEXCUSED-OFF CAMPUS','Y');
REM INSERTING into SCHOOLS_K12_DW.DIMASSIGNMENGT
SET DEFINE OFF;
Insert into SCHOOLS_K12_DW.DIMASSIGNMENGT (ASSIGNMENTID,ASSIGNMENT) values (1,'No Assignment                                     ');
Insert into SCHOOLS_K12_DW.DIMASSIGNMENGT (ASSIGNMENTID,ASSIGNMENT) values (2,'Early Graduation with 18/24 credits               ');
Insert into SCHOOLS_K12_DW.DIMASSIGNMENGT (ASSIGNMENTID,ASSIGNMENT) values (3,'2nd Year 9th Graders                              ');
Insert into SCHOOLS_K12_DW.DIMASSIGNMENGT (ASSIGNMENTID,ASSIGNMENT) values (4,'2nd Year 9th Graders Out of Zone                  ');
Insert into SCHOOLS_K12_DW.DIMASSIGNMENGT (ASSIGNMENTID,ASSIGNMENT) values (5,'Administratively Placed                           ');
Insert into SCHOOLS_K12_DW.DIMASSIGNMENGT (ASSIGNMENTID,ASSIGNMENT) values (6,'Annual Yearly Progress Placed                     ');
Insert into SCHOOLS_K12_DW.DIMASSIGNMENGT (ASSIGNMENTID,ASSIGNMENT) values (7,'Charter School                                    ');
Insert into SCHOOLS_K12_DW.DIMASSIGNMENGT (ASSIGNMENTID,ASSIGNMENT) values (8,'ESE Program Placed                                ');
Insert into SCHOOLS_K12_DW.DIMASSIGNMENGT (ASSIGNMENTID,ASSIGNMENT) values (9,'Home Zoned School                                 ');
Insert into SCHOOLS_K12_DW.DIMASSIGNMENGT (ASSIGNMENTID,ASSIGNMENT) values (10,'IB Program                                        ');
Insert into SCHOOLS_K12_DW.DIMASSIGNMENGT (ASSIGNMENTID,ASSIGNMENT) values (11,'Assigned by Map                                   ');
Insert into SCHOOLS_K12_DW.DIMASSIGNMENGT (ASSIGNMENTID,ASSIGNMENT) values (12,'McKay Scholarship Student Attending a District Sch');
Insert into SCHOOLS_K12_DW.DIMASSIGNMENGT (ASSIGNMENTID,ASSIGNMENT) values (13,'No Child Left Behind                              ');
Insert into SCHOOLS_K12_DW.DIMASSIGNMENGT (ASSIGNMENTID,ASSIGNMENT) values (14,'Out of District                                   ');
Insert into SCHOOLS_K12_DW.DIMASSIGNMENGT (ASSIGNMENTID,ASSIGNMENT) values (15,'Out of Zone                                       ');
Insert into SCHOOLS_K12_DW.DIMASSIGNMENGT (ASSIGNMENTID,ASSIGNMENT) values (16,'Up for Expulsion                                  ');
Insert into SCHOOLS_K12_DW.DIMASSIGNMENGT (ASSIGNMENTID,ASSIGNMENT) values (17,'''Credits to Grad Early');
Insert into SCHOOLS_K12_DW.DIMASSIGNMENGT (ASSIGNMENTID,ASSIGNMENT) values (18,'Zenith Student                                    ');
Insert into SCHOOLS_K12_DW.DIMASSIGNMENGT (ASSIGNMENTID,ASSIGNMENT) values (19,'COURT ORDERED OUT OF ZONE                         ');
Insert into SCHOOLS_K12_DW.DIMASSIGNMENGT (ASSIGNMENTID,ASSIGNMENT) values (20,'CUM FOLDER SENT TO THIS SCHOOL                    ');
Insert into SCHOOLS_K12_DW.DIMASSIGNMENGT (ASSIGNMENTID,ASSIGNMENT) values (21,'EXPELLED                                          ');
Insert into SCHOOLS_K12_DW.DIMASSIGNMENGT (ASSIGNMENTID,ASSIGNMENT) values (22,'FLORIDA VIRTUAL SCHOOL                            ');
Insert into SCHOOLS_K12_DW.DIMASSIGNMENGT (ASSIGNMENTID,ASSIGNMENT) values (23,'HOME-SCHOOLED STUDENT                             ');
Insert into SCHOOLS_K12_DW.DIMASSIGNMENGT (ASSIGNMENTID,ASSIGNMENT) values (24,'LOTTERY ASSIGNED - PERMANENT                      ');
Insert into SCHOOLS_K12_DW.DIMASSIGNMENGT (ASSIGNMENTID,ASSIGNMENT) values (25,'LOTTERY ASSIGNED - TEMPORARY                      ');
Insert into SCHOOLS_K12_DW.DIMASSIGNMENGT (ASSIGNMENTID,ASSIGNMENT) values (26,'OUT-OF-STATE RESIDENT                             ');
REM INSERTING into SCHOOLS_K12_DW.DIMCOURSE
SET DEFINE OFF;
REM INSERTING into SCHOOLS_K12_DW.DIMDATE
SET DEFINE OFF;
REM INSERTING into SCHOOLS_K12_DW.DIMDISCIPLINEACTIONCODE
SET DEFINE OFF;
Insert into SCHOOLS_K12_DW.DIMDISCIPLINEACTIONCODE (DISCIPLINEACTIONCODEID,DISCIPLINEACTIONCODE,DISCIPLINEACTIONDESC) values (1,null,'Unknown                                           ');
Insert into SCHOOLS_K12_DW.DIMDISCIPLINEACTIONCODE (DISCIPLINEACTIONCODEID,DISCIPLINEACTIONCODE,DISCIPLINEACTIONDESC) values (2,'1  ','5 DAY LETTER                                      ');
Insert into SCHOOLS_K12_DW.DIMDISCIPLINEACTIONCODE (DISCIPLINEACTIONCODEID,DISCIPLINEACTIONCODE,DISCIPLINEACTIONDESC) values (3,'2  ','10 DAY LETTER                                     ');
Insert into SCHOOLS_K12_DW.DIMDISCIPLINEACTIONCODE (DISCIPLINEACTIONCODEID,DISCIPLINEACTIONCODE,DISCIPLINEACTIONDESC) values (4,'3  ','ADMINISTRATIVE DETENTION                          ');
Insert into SCHOOLS_K12_DW.DIMDISCIPLINEACTIONCODE (DISCIPLINEACTIONCODEID,DISCIPLINEACTIONCODE,DISCIPLINEACTIONDESC) values (5,'4  ','ADMINISTRATIVE REPRIMAND                          ');
Insert into SCHOOLS_K12_DW.DIMDISCIPLINEACTIONCODE (DISCIPLINEACTIONCODEID,DISCIPLINEACTIONCODE,DISCIPLINEACTIONDESC) values (6,'5  ','BEHAVIOR CONTRACT                                 ');
Insert into SCHOOLS_K12_DW.DIMDISCIPLINEACTIONCODE (DISCIPLINEACTIONCODEID,DISCIPLINEACTIONCODE,DISCIPLINEACTIONDESC) values (7,'6  ','BUS SUSPENSION                                    ');
Insert into SCHOOLS_K12_DW.DIMDISCIPLINEACTIONCODE (DISCIPLINEACTIONCODEID,DISCIPLINEACTIONCODE,DISCIPLINEACTIONDESC) values (8,'7  ','CORRECT DRESS                                     ');
Insert into SCHOOLS_K12_DW.DIMDISCIPLINEACTIONCODE (DISCIPLINEACTIONCODEID,DISCIPLINEACTIONCODE,DISCIPLINEACTIONDESC) values (9,'8  ','COUNSELING                                        ');
Insert into SCHOOLS_K12_DW.DIMDISCIPLINEACTIONCODE (DISCIPLINEACTIONCODEID,DISCIPLINEACTIONCODE,DISCIPLINEACTIONDESC) values (10,'9  ','FINANCIAL RESTITUTION                             ');
Insert into SCHOOLS_K12_DW.DIMDISCIPLINEACTIONCODE (DISCIPLINEACTIONCODEID,DISCIPLINEACTIONCODE,DISCIPLINEACTIONDESC) values (12,'C  ','CORPORAL PUNISHMENT                               ');
Insert into SCHOOLS_K12_DW.DIMDISCIPLINEACTIONCODE (DISCIPLINEACTIONCODEID,DISCIPLINEACTIONCODE,DISCIPLINEACTIONDESC) values (13,'D  ','OTHER DISTRICT DEFINED                            ');
Insert into SCHOOLS_K12_DW.DIMDISCIPLINEACTIONCODE (DISCIPLINEACTIONCODEID,DISCIPLINEACTIONCODE,DISCIPLINEACTIONDESC) values (14,'E  ','EXPELLED/NO CONT ED SERVICE                       ');
Insert into SCHOOLS_K12_DW.DIMDISCIPLINEACTIONCODE (DISCIPLINEACTIONCODEID,DISCIPLINEACTIONCODE,DISCIPLINEACTIONDESC) values (16,'G  ','ALT PLACE-STATE DEFINE/DISCONT                    ');
Insert into SCHOOLS_K12_DW.DIMDISCIPLINEACTIONCODE (DISCIPLINEACTIONCODEID,DISCIPLINEACTIONCODE,DISCIPLINEACTIONDESC) values (18,'I  ','IN-SCHOOL SUSPENSION                              ');
Insert into SCHOOLS_K12_DW.DIMDISCIPLINEACTIONCODE (DISCIPLINEACTIONCODEID,DISCIPLINEACTIONCODE,DISCIPLINEACTIONDESC) values (19,'J  ','JUVENILE OR COURT REFERRAL                        ');
Insert into SCHOOLS_K12_DW.DIMDISCIPLINEACTIONCODE (DISCIPLINEACTIONCODEID,DISCIPLINEACTIONCODE,DISCIPLINEACTIONDESC) values (29,'LA ','CONFISCATION INAPPROPRIATE ITM                    ');
Insert into SCHOOLS_K12_DW.DIMDISCIPLINEACTIONCODE (DISCIPLINEACTIONCODEID,DISCIPLINEACTIONCODE,DISCIPLINEACTIONDESC) values (30,'LB ','TOBACCO CESSATION OR CITATION                     ');
Insert into SCHOOLS_K12_DW.DIMDISCIPLINEACTIONCODE (DISCIPLINEACTIONCODEID,DISCIPLINEACTIONCODE,DISCIPLINEACTIONDESC) values (31,'LD ','TEACHER DETENTION                                 ');
Insert into SCHOOLS_K12_DW.DIMDISCIPLINEACTIONCODE (DISCIPLINEACTIONCODEID,DISCIPLINEACTIONCODE,DISCIPLINEACTIONDESC) values (32,'LF ','SATURDAY SCHOOL (FULL DAY)                        ');
Insert into SCHOOLS_K12_DW.DIMDISCIPLINEACTIONCODE (DISCIPLINEACTIONCODEID,DISCIPLINEACTIONCODE,DISCIPLINEACTIONDESC) values (33,'LG ','TEACHER/STUDENT SCHEDULE CHG                      ');
Insert into SCHOOLS_K12_DW.DIMDISCIPLINEACTIONCODE (DISCIPLINEACTIONCODEID,DISCIPLINEACTIONCODE,DISCIPLINEACTIONDESC) values (34,'LH ','SATURDAY SCHOOL (HALF DAY)                        ');
Insert into SCHOOLS_K12_DW.DIMDISCIPLINEACTIONCODE (DISCIPLINEACTIONCODEID,DISCIPLINEACTIONCODE,DISCIPLINEACTIONDESC) values (35,'LJ ','JUVENILE OR COURT REFERRAL                        ');
Insert into SCHOOLS_K12_DW.DIMDISCIPLINEACTIONCODE (DISCIPLINEACTIONCODEID,DISCIPLINEACTIONCODE,DISCIPLINEACTIONDESC) values (36,'LL ','LOSS OF CREDIT (DISHONESTY)                       ');
Insert into SCHOOLS_K12_DW.DIMDISCIPLINEACTIONCODE (DISCIPLINEACTIONCODEID,DISCIPLINEACTIONCODE,DISCIPLINEACTIONDESC) values (37,'LM ','STRICTLY SUPERVISED STUDY                         ');
Insert into SCHOOLS_K12_DW.DIMDISCIPLINEACTIONCODE (DISCIPLINEACTIONCODEID,DISCIPLINEACTIONCODE,DISCIPLINEACTIONDESC) values (38,'LN ','LOSS OF LUNCH PRIVILEDGE                          ');
Insert into SCHOOLS_K12_DW.DIMDISCIPLINEACTIONCODE (DISCIPLINEACTIONCODEID,DISCIPLINEACTIONCODE,DISCIPLINEACTIONDESC) values (39,'LP ','PARENTAL CONTACT                                  ');
Insert into SCHOOLS_K12_DW.DIMDISCIPLINEACTIONCODE (DISCIPLINEACTIONCODEID,DISCIPLINEACTIONCODE,DISCIPLINEACTIONDESC) values (40,'LQ ','LOSS OF DRIVING PRIVILEDGE                        ');
Insert into SCHOOLS_K12_DW.DIMDISCIPLINEACTIONCODE (DISCIPLINEACTIONCODEID,DISCIPLINEACTIONCODE,DISCIPLINEACTIONDESC) values (41,'LR ','PSYCHOLOGICAL COUNSELING                          ');
Insert into SCHOOLS_K12_DW.DIMDISCIPLINEACTIONCODE (DISCIPLINEACTIONCODEID,DISCIPLINEACTIONCODE,DISCIPLINEACTIONDESC) values (42,'LT ','SECURE SUPPLIES                                   ');
Insert into SCHOOLS_K12_DW.DIMDISCIPLINEACTIONCODE (DISCIPLINEACTIONCODEID,DISCIPLINEACTIONCODE,DISCIPLINEACTIONDESC) values (43,'LV ','VERBAL REPRIMAND                                  ');
Insert into SCHOOLS_K12_DW.DIMDISCIPLINEACTIONCODE (DISCIPLINEACTIONCODEID,DISCIPLINEACTIONCODE,DISCIPLINEACTIONDESC) values (44,'LW ','WRITTEN ASSIGNMENT                                ');
Insert into SCHOOLS_K12_DW.DIMDISCIPLINEACTIONCODE (DISCIPLINEACTIONCODEID,DISCIPLINEACTIONCODE,DISCIPLINEACTIONDESC) values (45,'LX ','WORK DETAIL                                       ');
Insert into SCHOOLS_K12_DW.DIMDISCIPLINEACTIONCODE (DISCIPLINEACTIONCODEID,DISCIPLINEACTIONCODE,DISCIPLINEACTIONDESC) values (46,'LY ','TIME OUT                                          ');
Insert into SCHOOLS_K12_DW.DIMDISCIPLINEACTIONCODE (DISCIPLINEACTIONCODEID,DISCIPLINEACTIONCODE,DISCIPLINEACTIONDESC) values (48,'O  ','OUT-OF-SCHOOL SUSPENSION                          ');
Insert into SCHOOLS_K12_DW.DIMDISCIPLINEACTIONCODE (DISCIPLINEACTIONCODEID,DISCIPLINEACTIONCODE,DISCIPLINEACTIONDESC) values (50,'Q  ','REVOKE PARKING DECAL OR TOW                       ');
REM INSERTING into SCHOOLS_K12_DW.DIMDISCIPLINEEVENTCODE
SET DEFINE OFF;
Insert into SCHOOLS_K12_DW.DIMDISCIPLINEEVENTCODE (DISCIPLINEEVENTCODEID,DISCIPLINEEVENTCODE,DISCIPLINEEVENTDESC) values (1,'A01','SALE OF ALCOHOL ON SCH PROP/FUNC');
Insert into SCHOOLS_K12_DW.DIMDISCIPLINEEVENTCODE (DISCIPLINEEVENTCODEID,DISCIPLINEEVENTCODE,DISCIPLINEEVENTDESC) values (3,'A03','CHARGED IN COMMUNITY W/ALCOHOL OFFENSE');
Insert into SCHOOLS_K12_DW.DIMDISCIPLINEEVENTCODE (DISCIPLINEEVENTCODEID,DISCIPLINEEVENTCODE,DISCIPLINEEVENTDESC) values (4,'C01','SKIPPING CLASS - 1 PERIOD OR LESS');
Insert into SCHOOLS_K12_DW.DIMDISCIPLINEEVENTCODE (DISCIPLINEEVENTCODEID,DISCIPLINEEVENTCODE,DISCIPLINEEVENTDESC) values (5,'C02','SKIPPING MORE THAN 1 PD/LEAVING CAMPUS');
Insert into SCHOOLS_K12_DW.DIMDISCIPLINEEVENTCODE (DISCIPLINEEVENTCODEID,DISCIPLINEEVENTCODE,DISCIPLINEEVENTDESC) values (6,'C03','FORGERY');
Insert into SCHOOLS_K12_DW.DIMDISCIPLINEEVENTCODE (DISCIPLINEEVENTCODEID,DISCIPLINEEVENTCODE,DISCIPLINEEVENTDESC) values (7,'C04','CHEATING ON TEST');
Insert into SCHOOLS_K12_DW.DIMDISCIPLINEEVENTCODE (DISCIPLINEEVENTCODEID,DISCIPLINEEVENTCODE,DISCIPLINEEVENTDESC) values (8,'C05','MULTIPLE CR OFFENSE HANDLED BY TEACHER');
Insert into SCHOOLS_K12_DW.DIMDISCIPLINEEVENTCODE (DISCIPLINEEVENTCODEID,DISCIPLINEEVENTCODE,DISCIPLINEEVENTDESC) values (9,'C06','''MULT CLASSROOM OFFENSES');
Insert into SCHOOLS_K12_DW.DIMDISCIPLINEEVENTCODE (DISCIPLINEEVENTCODEID,DISCIPLINEEVENTCODE,DISCIPLINEEVENTDESC) values (10,'C07','GEN CLASSROOM-OTHER  (PARENTS NOTIFIED)');
Insert into SCHOOLS_K12_DW.DIMDISCIPLINEEVENTCODE (DISCIPLINEEVENTCODEID,DISCIPLINEEVENTCODE,DISCIPLINEEVENTDESC) values (11,'C08','SKIP CLASS-1 PD OR LESS (NOT OFF CAMPUS)');
Insert into SCHOOLS_K12_DW.DIMDISCIPLINEEVENTCODE (DISCIPLINEEVENTCODEID,DISCIPLINEEVENTCODE,DISCIPLINEEVENTDESC) values (12,'C09','SKIPPING CLASS MORE THAN 1 PERIOD');
Insert into SCHOOLS_K12_DW.DIMDISCIPLINEEVENTCODE (DISCIPLINEEVENTCODEID,DISCIPLINEEVENTCODE,DISCIPLINEEVENTDESC) values (13,'C10','LEAVING CAMPUS MORE THAN ONE PERIOD');
Insert into SCHOOLS_K12_DW.DIMDISCIPLINEEVENTCODE (DISCIPLINEEVENTCODEID,DISCIPLINEEVENTCODE,DISCIPLINEEVENTDESC) values (14,'C11','FORGERY/USING INAPPROPRIATE NOTES');
Insert into SCHOOLS_K12_DW.DIMDISCIPLINEEVENTCODE (DISCIPLINEEVENTCODEID,DISCIPLINEEVENTCODE,DISCIPLINEEVENTDESC) values (15,'C12','CHEATING');
Insert into SCHOOLS_K12_DW.DIMDISCIPLINEEVENTCODE (DISCIPLINEEVENTCODEID,DISCIPLINEEVENTCODE,DISCIPLINEEVENTDESC) values (16,'C13','GENERAL CLASSROOM DISTURBANCE');
Insert into SCHOOLS_K12_DW.DIMDISCIPLINEEVENTCODE (DISCIPLINEEVENTCODEID,DISCIPLINEEVENTCODE,DISCIPLINEEVENTDESC) values (17,'C14','CHRONIC DISCIPLINARY PROBLEM');
Insert into SCHOOLS_K12_DW.DIMDISCIPLINEEVENTCODE (DISCIPLINEEVENTCODEID,DISCIPLINEEVENTCODE,DISCIPLINEEVENTDESC) values (18,'I01','USE/POSS OF TOBACCO PROD AT SCH/FUNC');
Insert into SCHOOLS_K12_DW.DIMDISCIPLINEEVENTCODE (DISCIPLINEEVENTCODEID,DISCIPLINEEVENTCODE,DISCIPLINEEVENTDESC) values (19,'I02','GAMBLING');
Insert into SCHOOLS_K12_DW.DIMDISCIPLINEEVENTCODE (DISCIPLINEEVENTCODEID,DISCIPLINEEVENTCODE,DISCIPLINEEVENTDESC) values (20,'I03','USE/POSSESSION OF MAJOR EXPLOSIVES');
Insert into SCHOOLS_K12_DW.DIMDISCIPLINEEVENTCODE (DISCIPLINEEVENTCODEID,DISCIPLINEEVENTCODE,DISCIPLINEEVENTDESC) values (21,'I04','FIREWORKS POSS SALE USE AT SCH/FUNC');
Insert into SCHOOLS_K12_DW.DIMDISCIPLINEEVENTCODE (DISCIPLINEEVENTCODEID,DISCIPLINEEVENTCODE,DISCIPLINEEVENTDESC) values (22,'I05','FIREWORKS CAUSING INJURY TO STU/STAFF');
Insert into SCHOOLS_K12_DW.DIMDISCIPLINEEVENTCODE (DISCIPLINEEVENTCODEID,DISCIPLINEEVENTCODE,DISCIPLINEEVENTDESC) values (23,'I06','THEFT FROM STAFF MEMBER OR SCHOOL');
Insert into SCHOOLS_K12_DW.DIMDISCIPLINEEVENTCODE (DISCIPLINEEVENTCODEID,DISCIPLINEEVENTCODE,DISCIPLINEEVENTDESC) values (24,'I07','THEFT FROM STUDENT');
Insert into SCHOOLS_K12_DW.DIMDISCIPLINEEVENTCODE (DISCIPLINEEVENTCODEID,DISCIPLINEEVENTCODE,DISCIPLINEEVENTDESC) values (25,'I08','THEFT - LAW ENFORCEMENT INVOLVED');
Insert into SCHOOLS_K12_DW.DIMDISCIPLINEEVENTCODE (DISCIPLINEEVENTCODEID,DISCIPLINEEVENTCODE,DISCIPLINEEVENTDESC) values (26,'I09','COMPUTER MISUSE - PIRACY');
Insert into SCHOOLS_K12_DW.DIMDISCIPLINEEVENTCODE (DISCIPLINEEVENTCODEID,DISCIPLINEEVENTCODE,DISCIPLINEEVENTDESC) values (27,'I10','MALICIOUS DAMAGE TO SCH OR STAFF PROP');
Insert into SCHOOLS_K12_DW.DIMDISCIPLINEEVENTCODE (DISCIPLINEEVENTCODEID,DISCIPLINEEVENTCODE,DISCIPLINEEVENTDESC) values (28,'I11','INVOLUNTARY DAMAGE TO SCH OR STAFF PROP');
Insert into SCHOOLS_K12_DW.DIMDISCIPLINEEVENTCODE (DISCIPLINEEVENTCODEID,DISCIPLINEEVENTCODE,DISCIPLINEEVENTDESC) values (29,'I12','VANDALISM INVOLVING LAW ENFORCEMENT');
Insert into SCHOOLS_K12_DW.DIMDISCIPLINEEVENTCODE (DISCIPLINEEVENTCODEID,DISCIPLINEEVENTCODE,DISCIPLINEEVENTDESC) values (30,'I13','INAPPROPRIATE SEXUAL COMMENTS/ACTIONS');
Insert into SCHOOLS_K12_DW.DIMDISCIPLINEEVENTCODE (DISCIPLINEEVENTCODEID,DISCIPLINEEVENTCODE,DISCIPLINEEVENTDESC) values (31,'I14','SEXUAL HARASSMENT - MAJOR INCIDENT');
Insert into SCHOOLS_K12_DW.DIMDISCIPLINEEVENTCODE (DISCIPLINEEVENTCODEID,DISCIPLINEEVENTCODE,DISCIPLINEEVENTDESC) values (32,'I15','POSS OF INAPPROPRIATE WRITTEN MATERIALS');
Insert into SCHOOLS_K12_DW.DIMDISCIPLINEEVENTCODE (DISCIPLINEEVENTCODEID,DISCIPLINEEVENTCODE,DISCIPLINEEVENTDESC) values (33,'I16','STUDENT ARREST/CHG BY LAW ENF AGENCY');
Insert into SCHOOLS_K12_DW.DIMDISCIPLINEEVENTCODE (DISCIPLINEEVENTCODEID,DISCIPLINEEVENTCODE,DISCIPLINEEVENTDESC) values (34,'I17','POSS OF INAPPROPRIATE ITEMS');
Insert into SCHOOLS_K12_DW.DIMDISCIPLINEEVENTCODE (DISCIPLINEEVENTCODEID,DISCIPLINEEVENTCODE,DISCIPLINEEVENTDESC) values (35,'M14','''POSS');
Insert into SCHOOLS_K12_DW.DIMDISCIPLINEEVENTCODE (DISCIPLINEEVENTCODEID,DISCIPLINEEVENTCODE,DISCIPLINEEVENTDESC) values (36,'M16','POSS OF DRUG PARAPHERNALIA-EXCEPT PAPER');
Insert into SCHOOLS_K12_DW.DIMDISCIPLINEEVENTCODE (DISCIPLINEEVENTCODEID,DISCIPLINEEVENTCODE,DISCIPLINEEVENTDESC) values (38,'M21','PHYSICAL CONTACT-STAFF');
Insert into SCHOOLS_K12_DW.DIMDISCIPLINEEVENTCODE (DISCIPLINEEVENTCODEID,DISCIPLINEEVENTCODE,DISCIPLINEEVENTDESC) values (39,'M22','PHYSICAL CONTACT-STUDENT');
Insert into SCHOOLS_K12_DW.DIMDISCIPLINEEVENTCODE (DISCIPLINEEVENTCODEID,DISCIPLINEEVENTCODE,DISCIPLINEEVENTDESC) values (40,'N00','REFUSAL TO FOLLOW DIRECT REQUEST OF STAF');
Insert into SCHOOLS_K12_DW.DIMDISCIPLINEEVENTCODE (DISCIPLINEEVENTCODEID,DISCIPLINEEVENTCODE,DISCIPLINEEVENTDESC) values (41,'N01','FAILURE TO REPORT TO OFFICE');
Insert into SCHOOLS_K12_DW.DIMDISCIPLINEEVENTCODE (DISCIPLINEEVENTCODEID,DISCIPLINEEVENTCODE,DISCIPLINEEVENTDESC) values (42,'N02','FAILURE TO SERVE TEACHER DETENTION');
Insert into SCHOOLS_K12_DW.DIMDISCIPLINEEVENTCODE (DISCIPLINEEVENTCODEID,DISCIPLINEEVENTCODE,DISCIPLINEEVENTDESC) values (43,'N03','FAILURE TO SERVE ADMIN DETENTION');
Insert into SCHOOLS_K12_DW.DIMDISCIPLINEEVENTCODE (DISCIPLINEEVENTCODEID,DISCIPLINEEVENTCODE,DISCIPLINEEVENTDESC) values (44,'N04','LUNCHROOM OFFENSES');
Insert into SCHOOLS_K12_DW.DIMDISCIPLINEEVENTCODE (DISCIPLINEEVENTCODEID,DISCIPLINEEVENTCODE,DISCIPLINEEVENTDESC) values (45,'N05','EXTREME DISRESPECT TO FACULTY/STAF/ADMIN');
Insert into SCHOOLS_K12_DW.DIMDISCIPLINEEVENTCODE (DISCIPLINEEVENTCODEID,DISCIPLINEEVENTCODE,DISCIPLINEEVENTDESC) values (46,'N06','PROFANITY IN PRESENCE OF FACULTY/ADMIN');
Insert into SCHOOLS_K12_DW.DIMDISCIPLINEEVENTCODE (DISCIPLINEEVENTCODEID,DISCIPLINEEVENTCODE,DISCIPLINEEVENTDESC) values (47,'N07','INAPPROPRIATE BEHAVIOR');
Insert into SCHOOLS_K12_DW.DIMDISCIPLINEEVENTCODE (DISCIPLINEEVENTCODEID,DISCIPLINEEVENTCODE,DISCIPLINEEVENTDESC) values (48,'N08','FALSE INFO GIVEN/FAILURE TO GIVE INFO');
Insert into SCHOOLS_K12_DW.DIMDISCIPLINEEVENTCODE (DISCIPLINEEVENTCODEID,DISCIPLINEEVENTCODE,DISCIPLINEEVENTDESC) values (49,'N09','FAILURE TO FOLLOW STANDARD PROCEDURES');
Insert into SCHOOLS_K12_DW.DIMDISCIPLINEEVENTCODE (DISCIPLINEEVENTCODEID,DISCIPLINEEVENTCODE,DISCIPLINEEVENTDESC) values (50,'N10','SCHOOL BUS VIOLATIONS');
Insert into SCHOOLS_K12_DW.DIMDISCIPLINEEVENTCODE (DISCIPLINEEVENTCODEID,DISCIPLINEEVENTCODE,DISCIPLINEEVENTDESC) values (51,'N11','PARKING VIOLATIONS');
Insert into SCHOOLS_K12_DW.DIMDISCIPLINEEVENTCODE (DISCIPLINEEVENTCODEID,DISCIPLINEEVENTCODE,DISCIPLINEEVENTDESC) values (52,'N12','DRESS CODE VIOLATIONS');
Insert into SCHOOLS_K12_DW.DIMDISCIPLINEEVENTCODE (DISCIPLINEEVENTCODEID,DISCIPLINEEVENTCODE,DISCIPLINEEVENTDESC) values (53,'N13','ALL UNEXCUSED TARDY TO SCHOOL VIOLATIONS');
Insert into SCHOOLS_K12_DW.DIMDISCIPLINEEVENTCODE (DISCIPLINEEVENTCODEID,DISCIPLINEEVENTCODE,DISCIPLINEEVENTDESC) values (54,'N14','GANG RELATED ACTIVITY');
Insert into SCHOOLS_K12_DW.DIMDISCIPLINEEVENTCODE (DISCIPLINEEVENTCODEID,DISCIPLINEEVENTCODE,DISCIPLINEEVENTDESC) values (55,'N15','POSSESSION OF ELECTRONIC DEVICES');
Insert into SCHOOLS_K12_DW.DIMDISCIPLINEEVENTCODE (DISCIPLINEEVENTCODEID,DISCIPLINEEVENTCODE,DISCIPLINEEVENTDESC) values (56,'N16','DISORDERLY CONDUCT/DISRUPTION OR THREAT');
Insert into SCHOOLS_K12_DW.DIMDISCIPLINEEVENTCODE (DISCIPLINEEVENTCODEID,DISCIPLINEEVENTCODE,DISCIPLINEEVENTDESC) values (57,'N17','ISS VIOLATION');
Insert into SCHOOLS_K12_DW.DIMDISCIPLINEEVENTCODE (DISCIPLINEEVENTCODEID,DISCIPLINEEVENTCODE,DISCIPLINEEVENTDESC) values (58,'N18','TRESPASSING ON BANNED CAMPUS');
Insert into SCHOOLS_K12_DW.DIMDISCIPLINEEVENTCODE (DISCIPLINEEVENTCODEID,DISCIPLINEEVENTCODE,DISCIPLINEEVENTDESC) values (59,'N19','TARDY TO CLASS');
Insert into SCHOOLS_K12_DW.DIMDISCIPLINEEVENTCODE (DISCIPLINEEVENTCODEID,DISCIPLINEEVENTCODE,DISCIPLINEEVENTDESC) values (60,'N20','THREATS/INTIMIDATION');
Insert into SCHOOLS_K12_DW.DIMDISCIPLINEEVENTCODE (DISCIPLINEEVENTCODEID,DISCIPLINEEVENTCODE,DISCIPLINEEVENTDESC) values (61,'N21','PROFANITY TOWARD STAFF');
Insert into SCHOOLS_K12_DW.DIMDISCIPLINEEVENTCODE (DISCIPLINEEVENTCODEID,DISCIPLINEEVENTCODE,DISCIPLINEEVENTDESC) values (62,'N22','PROFANITY TOWARD STUDENT');
Insert into SCHOOLS_K12_DW.DIMDISCIPLINEEVENTCODE (DISCIPLINEEVENTCODEID,DISCIPLINEEVENTCODE,DISCIPLINEEVENTDESC) values (63,'N23','FIGHTING WORDS');
Insert into SCHOOLS_K12_DW.DIMDISCIPLINEEVENTCODE (DISCIPLINEEVENTCODEID,DISCIPLINEEVENTCODE,DISCIPLINEEVENTDESC) values (64,'N24','VERBAL CONFRONTATION');
Insert into SCHOOLS_K12_DW.DIMDISCIPLINEEVENTCODE (DISCIPLINEEVENTCODEID,DISCIPLINEEVENTCODE,DISCIPLINEEVENTDESC) values (65,'N25','FIGHTING-MAJOR/LAW ENFORCEMENT NOTIFIED');
Insert into SCHOOLS_K12_DW.DIMDISCIPLINEEVENTCODE (DISCIPLINEEVENTCODEID,DISCIPLINEEVENTCODE,DISCIPLINEEVENTDESC) values (66,'N26','FIGHTING-MINOR');
Insert into SCHOOLS_K12_DW.DIMDISCIPLINEEVENTCODE (DISCIPLINEEVENTCODEID,DISCIPLINEEVENTCODE,DISCIPLINEEVENTDESC) values (67,'N27','BULLYING');
Insert into SCHOOLS_K12_DW.DIMDISCIPLINEEVENTCODE (DISCIPLINEEVENTCODEID,DISCIPLINEEVENTCODE,DISCIPLINEEVENTDESC) values (68,'N28','BULLYING WITH CONTACT');
Insert into SCHOOLS_K12_DW.DIMDISCIPLINEEVENTCODE (DISCIPLINEEVENTCODEID,DISCIPLINEEVENTCODE,DISCIPLINEEVENTDESC) values (69,'N29','AGGRESSIVE BEHAVIOR');
Insert into SCHOOLS_K12_DW.DIMDISCIPLINEEVENTCODE (DISCIPLINEEVENTCODEID,DISCIPLINEEVENTCODE,DISCIPLINEEVENTDESC) values (70,'N30','NO SHOW FOR SATURDAY SCHOOL');
Insert into SCHOOLS_K12_DW.DIMDISCIPLINEEVENTCODE (DISCIPLINEEVENTCODEID,DISCIPLINEEVENTCODE,DISCIPLINEEVENTDESC) values (71,'R00','RTRN FROM ALTERNATIVE PLACEMENT SETTING');
Insert into SCHOOLS_K12_DW.DIMDISCIPLINEEVENTCODE (DISCIPLINEEVENTCODEID,DISCIPLINEEVENTCODE,DISCIPLINEEVENTDESC) values (73,'R02','RETURN FR ALTERNATIVE PLACEMENT SETTING');
Insert into SCHOOLS_K12_DW.DIMDISCIPLINEEVENTCODE (DISCIPLINEEVENTCODEID,DISCIPLINEEVENTCODE,DISCIPLINEEVENTDESC) values (74,'R03','CONTRACT FOR CHRONIC DISRUPTIVE BEHAVIOR');
Insert into SCHOOLS_K12_DW.DIMDISCIPLINEEVENTCODE (DISCIPLINEEVENTCODEID,DISCIPLINEEVENTCODE,DISCIPLINEEVENTDESC) values (75,'R04','CONTRACT UPON ENROLLMENT');
Insert into SCHOOLS_K12_DW.DIMDISCIPLINEEVENTCODE (DISCIPLINEEVENTCODEID,DISCIPLINEEVENTCODE,DISCIPLINEEVENTDESC) values (76,'V01','AGGRAVATED BATTERY');
Insert into SCHOOLS_K12_DW.DIMDISCIPLINEEVENTCODE (DISCIPLINEEVENTCODEID,DISCIPLINEEVENTCODE,DISCIPLINEEVENTDESC) values (77,'V02','AGGRAVATED CHILD MOLESTATION');
Insert into SCHOOLS_K12_DW.DIMDISCIPLINEEVENTCODE (DISCIPLINEEVENTCODEID,DISCIPLINEEVENTCODE,DISCIPLINEEVENTDESC) values (78,'V03','AGGRAVATED SEXUAL BATTERY');
Insert into SCHOOLS_K12_DW.DIMDISCIPLINEEVENTCODE (DISCIPLINEEVENTCODEID,DISCIPLINEEVENTCODE,DISCIPLINEEVENTDESC) values (79,'V04','AGGRAVATED SODOMY');
Insert into SCHOOLS_K12_DW.DIMDISCIPLINEEVENTCODE (DISCIPLINEEVENTCODEID,DISCIPLINEEVENTCODE,DISCIPLINEEVENTDESC) values (80,'V05','ARMED ROBBERY');
Insert into SCHOOLS_K12_DW.DIMDISCIPLINEEVENTCODE (DISCIPLINEEVENTCODEID,DISCIPLINEEVENTCODE,DISCIPLINEEVENTDESC) values (81,'V06','FIRST DEGREE ARSON');
Insert into SCHOOLS_K12_DW.DIMDISCIPLINEEVENTCODE (DISCIPLINEEVENTCODEID,DISCIPLINEEVENTCODE,DISCIPLINEEVENTDESC) values (82,'V07','KIDNAPPING');
Insert into SCHOOLS_K12_DW.DIMDISCIPLINEEVENTCODE (DISCIPLINEEVENTCODEID,DISCIPLINEEVENTCODE,DISCIPLINEEVENTDESC) values (83,'V08','MURDER');
Insert into SCHOOLS_K12_DW.DIMDISCIPLINEEVENTCODE (DISCIPLINEEVENTCODEID,DISCIPLINEEVENTCODE,DISCIPLINEEVENTDESC) values (84,'V09','RAPE');
Insert into SCHOOLS_K12_DW.DIMDISCIPLINEEVENTCODE (DISCIPLINEEVENTCODEID,DISCIPLINEEVENTCODE,DISCIPLINEEVENTDESC) values (85,'V10','VOLUNTARY MANSLAUGHTER');
Insert into SCHOOLS_K12_DW.DIMDISCIPLINEEVENTCODE (DISCIPLINEEVENTCODEID,DISCIPLINEEVENTCODE,DISCIPLINEEVENTDESC) values (86,'V11','NON FELONY DRUGS');
Insert into SCHOOLS_K12_DW.DIMDISCIPLINEEVENTCODE (DISCIPLINEEVENTCODEID,DISCIPLINEEVENTCODE,DISCIPLINEEVENTDESC) values (87,'V12','FELONY DRUGS');
Insert into SCHOOLS_K12_DW.DIMDISCIPLINEEVENTCODE (DISCIPLINEEVENTCODEID,DISCIPLINEEVENTCODE,DISCIPLINEEVENTDESC) values (88,'V17','FELONY WEAPONS');
Insert into SCHOOLS_K12_DW.DIMDISCIPLINEEVENTCODE (DISCIPLINEEVENTCODEID,DISCIPLINEEVENTCODE,DISCIPLINEEVENTDESC) values (89,'V20','TERRORISTIC THREATS');
Insert into SCHOOLS_K12_DW.DIMDISCIPLINEEVENTCODE (DISCIPLINEEVENTCODEID,DISCIPLINEEVENTCODE,DISCIPLINEEVENTDESC) values (91,null,'N/A');
REM INSERTING into SCHOOLS_K12_DW.DIMENROLLMENTCODE
SET DEFINE OFF;
Insert into SCHOOLS_K12_DW.DIMENROLLMENTCODE (ENROLLMENTCODEID,ENROLLMENTCODE,ENROLLMENTCODEDESC) values (1,'REG','Regular');
Insert into SCHOOLS_K12_DW.DIMENROLLMENTCODE (ENROLLMENTCODEID,ENROLLMENTCODE,ENROLLMENTCODEDESC) values (87,'DNE','DID NOT ENTER/UNKNOWN REASONS                     ');
Insert into SCHOOLS_K12_DW.DIMENROLLMENTCODE (ENROLLMENTCODEID,ENROLLMENTCODE,ENROLLMENTCODEDESC) values (88,'E01','ENRL PUBLIC SCH PREV YR                    ');
Insert into SCHOOLS_K12_DW.DIMENROLLMENTCODE (ENROLLMENTCODEID,ENROLLMENTCODE,ENROLLMENTCODEDESC) values (89,'E02','LAST SCH-PUBLIC OUTSIDE COUNTY                    ');
Insert into SCHOOLS_K12_DW.DIMENROLLMENTCODE (ENROLLMENTCODEID,ENROLLMENTCODE,ENROLLMENTCODEDESC) values (90,'E03','LAST SCH-PRIVATE SCH ANYWHERE                     ');
Insert into SCHOOLS_K12_DW.DIMENROLLMENTCODE (ENROLLMENTCODEID,ENROLLMENTCODE,ENROLLMENTCODEDESC) values (91,'E04','PREV HOME EDUCATION                               ');
Insert into SCHOOLS_K12_DW.DIMENROLLMENTCODE (ENROLLMENTCODEID,ENROLLMENTCODE,ENROLLMENTCODEDESC) values (92,'E05','PK/KG ENTERING FIRST TIME                         ');
Insert into SCHOOLS_K12_DW.DIMENROLLMENTCODE (ENROLLMENTCODEID,ENROLLMENTCODE,ENROLLMENTCODEDESC) values (93,'E09','PK-12 ENTERS FROM OUT OF US                     ');
Insert into SCHOOLS_K12_DW.DIMENROLLMENTCODE (ENROLLMENTCODEID,ENROLLMENTCODE,ENROLLMENTCODEDESC) values (95,'H01','K-12 ENROLLED HOME ED PROGRAM                     ');
Insert into SCHOOLS_K12_DW.DIMENROLLMENTCODE (ENROLLMENTCODEID,ENROLLMENTCODE,ENROLLMENTCODEDESC) values (96,'H02','K-12 WITHDRAWN FROM HOME ED                       ');
Insert into SCHOOLS_K12_DW.DIMENROLLMENTCODE (ENROLLMENTCODEID,ENROLLMENTCODE,ENROLLMENTCODEDESC) values (97,'R01','RECEIVED FROM SAME SCHOOL                         ');
Insert into SCHOOLS_K12_DW.DIMENROLLMENTCODE (ENROLLMENTCODEID,ENROLLMENTCODE,ENROLLMENTCODEDESC) values (98,'R02','RECD ANOTHER SCHOOL/SAME DIST                     ');
Insert into SCHOOLS_K12_DW.DIMENROLLMENTCODE (ENROLLMENTCODEID,ENROLLMENTCODE,ENROLLMENTCODEDESC) values (99,'R03','UNEXPECT REENTER SAME DISTRICT                    ');
Insert into SCHOOLS_K12_DW.DIMENROLLMENTCODE (ENROLLMENTCODEID,ENROLLMENTCODE,ENROLLMENTCODEDESC) values (100,'R04','RETURNING FROM PRIVATE/HOME                       ');
Insert into SCHOOLS_K12_DW.DIMENROLLMENTCODE (ENROLLMENTCODEID,ENROLLMENTCODE,ENROLLMENTCODEDESC) values (101,'R05','UNEXPECT RETURN AFTER WD                          ');
Insert into SCHOOLS_K12_DW.DIMENROLLMENTCODE (ENROLLMENTCODEID,ENROLLMENTCODE,ENROLLMENTCODEDESC) values (102,'RA1','AE-REENTRY/SAME CLASS                             ');
Insert into SCHOOLS_K12_DW.DIMENROLLMENTCODE (ENROLLMENTCODEID,ENROLLMENTCODE,ENROLLMENTCODEDESC) values (103,'W01','TRANSFER WITHIN SAME SCHOOL                       ');
Insert into SCHOOLS_K12_DW.DIMENROLLMENTCODE (ENROLLMENTCODEID,ENROLLMENTCODE,ENROLLMENTCODEDESC) values (104,'W02','TRANSFER WITHIN DISTRICT                          ');
Insert into SCHOOLS_K12_DW.DIMENROLLMENTCODE (ENROLLMENTCODEID,ENROLLMENTCODE,ENROLLMENTCODEDESC) values (169,'ZZZ','NOT APPLICABLE                                    ');
Insert into SCHOOLS_K12_DW.DIMENROLLMENTCODE (ENROLLMENTCODEID,ENROLLMENTCODE,ENROLLMENTCODEDESC) values (170,'ENR','STANDARD ENROLLMENT');
REM INSERTING into SCHOOLS_K12_DW.DIMFACILITY
SET DEFINE OFF;
Insert into SCHOOLS_K12_DW.DIMFACILITY (FACILITYID,FACILITY,ADDRESS,CITY,ZIP,ACTIVE,CHARTER,FACILITYADCODE,FACLEVEL,FACILITYNAME,FACILITYTYPE) values (1,'Contoso High School','11000 Northwest Highway','Anywhere','100000','1','0','CHHS','H','Contoso High School','H');
Insert into SCHOOLS_K12_DW.DIMFACILITY (FACILITYID,FACILITY,ADDRESS,CITY,ZIP,ACTIVE,CHARTER,FACILITYADCODE,FACLEVEL,FACILITYNAME,FACILITYTYPE) values (2,'Contoso Middle','300 Walker Dr.','Anywhere','100000','1','0','CMS','M','Contoso Middle','M');
Insert into SCHOOLS_K12_DW.DIMFACILITY (FACILITYID,FACILITY,ADDRESS,CITY,ZIP,ACTIVE,CHARTER,FACILITYADCODE,FACLEVEL,FACILITYNAME,FACILITYTYPE) values (3,'Contoso Elementary','100 Whitewater St','Anywhere','10000','1','0','CES','E','Contoso Elementary','E');
Insert into SCHOOLS_K12_DW.DIMFACILITY (FACILITYID,FACILITY,ADDRESS,CITY,ZIP,ACTIVE,CHARTER,FACILITYADCODE,FACLEVEL,FACILITYNAME,FACILITYTYPE) values (4,'District HQ','99 Contoso Dr.','Anywhere','10000','1','0','DIS',null,null,null);
Insert into SCHOOLS_K12_DW.DIMFACILITY (FACILITYID,FACILITY,ADDRESS,CITY,ZIP,ACTIVE,CHARTER,FACILITYADCODE,FACLEVEL,FACILITYNAME,FACILITYTYPE) values (5,'Mountain View Elementary','4000 Mountain','Contoso','10000','1',null,'MVE','E','Mountain View Elementary','E');
REM INSERTING into SCHOOLS_K12_DW.DIMGRADETYPE
SET DEFINE OFF;
Insert into SCHOOLS_K12_DW.DIMGRADETYPE (GRADETYPEID,GRADETYPE) values (1,'Missing');
Insert into SCHOOLS_K12_DW.DIMGRADETYPE (GRADETYPEID,GRADETYPE) values (2,'Unknown');
Insert into SCHOOLS_K12_DW.DIMGRADETYPE (GRADETYPEID,GRADETYPE) values (3,'First Nine Weeks');
Insert into SCHOOLS_K12_DW.DIMGRADETYPE (GRADETYPEID,GRADETYPE) values (4,'Second Nine Weeks');
Insert into SCHOOLS_K12_DW.DIMGRADETYPE (GRADETYPEID,GRADETYPE) values (5,'First Semester');
Insert into SCHOOLS_K12_DW.DIMGRADETYPE (GRADETYPEID,GRADETYPE) values (6,'First Semester Exam');
Insert into SCHOOLS_K12_DW.DIMGRADETYPE (GRADETYPEID,GRADETYPE) values (7,'First Semester Final');
Insert into SCHOOLS_K12_DW.DIMGRADETYPE (GRADETYPEID,GRADETYPE) values (8,'Third Nine Weeks');
Insert into SCHOOLS_K12_DW.DIMGRADETYPE (GRADETYPEID,GRADETYPE) values (10,'Fourth Nine Weeks');
Insert into SCHOOLS_K12_DW.DIMGRADETYPE (GRADETYPEID,GRADETYPE) values (11,'Second Semester');
Insert into SCHOOLS_K12_DW.DIMGRADETYPE (GRADETYPEID,GRADETYPE) values (12,'Second Semester Exam');
Insert into SCHOOLS_K12_DW.DIMGRADETYPE (GRADETYPEID,GRADETYPE) values (13,'Second Semester Final');
Insert into SCHOOLS_K12_DW.DIMGRADETYPE (GRADETYPEID,GRADETYPE) values (14,'Final Grade');
REM INSERTING into SCHOOLS_K12_DW.DIMHSGTDOMAIN
SET DEFINE OFF;
Insert into SCHOOLS_K12_DW.DIMHSGTDOMAIN (HSGTDOMAINID,HSGTDOMAIN,SUBJECTID) values (1,'Reading Comprehension',18);
Insert into SCHOOLS_K12_DW.DIMHSGTDOMAIN (HSGTDOMAINID,HSGTDOMAIN,SUBJECTID) values (2,'Literary Analysis',18);
Insert into SCHOOLS_K12_DW.DIMHSGTDOMAIN (HSGTDOMAINID,HSGTDOMAIN,SUBJECTID) values (3,'Conventions and Writing',18);
Insert into SCHOOLS_K12_DW.DIMHSGTDOMAIN (HSGTDOMAINID,HSGTDOMAIN,SUBJECTID) values (4,'World Studies',15);
Insert into SCHOOLS_K12_DW.DIMHSGTDOMAIN (HSGTDOMAINID,HSGTDOMAIN,SUBJECTID) values (5,'US History to 1865',15);
Insert into SCHOOLS_K12_DW.DIMHSGTDOMAIN (HSGTDOMAINID,HSGTDOMAIN,SUBJECTID) values (6,'US History Since 1865',15);
Insert into SCHOOLS_K12_DW.DIMHSGTDOMAIN (HSGTDOMAINID,HSGTDOMAIN,SUBJECTID) values (7,'Citizenship/Government',15);
Insert into SCHOOLS_K12_DW.DIMHSGTDOMAIN (HSGTDOMAINID,HSGTDOMAIN,SUBJECTID) values (8,'Map Interpretation Skills',15);
Insert into SCHOOLS_K12_DW.DIMHSGTDOMAIN (HSGTDOMAINID,HSGTDOMAIN,SUBJECTID) values (9,'Information Processing Skills',15);
Insert into SCHOOLS_K12_DW.DIMHSGTDOMAIN (HSGTDOMAINID,HSGTDOMAIN,SUBJECTID) values (10,'Cells and Heredity',14);
Insert into SCHOOLS_K12_DW.DIMHSGTDOMAIN (HSGTDOMAINID,HSGTDOMAIN,SUBJECTID) values (11,'Ecology',14);
Insert into SCHOOLS_K12_DW.DIMHSGTDOMAIN (HSGTDOMAINID,HSGTDOMAIN,SUBJECTID) values (12,'Structure and Property of Matter',14);
Insert into SCHOOLS_K12_DW.DIMHSGTDOMAIN (HSGTDOMAINID,HSGTDOMAIN,SUBJECTID) values (13,'Energy Transformation',14);
REM INSERTING into SCHOOLS_K12_DW.DIMPERIOD
SET DEFINE OFF;
Insert into SCHOOLS_K12_DW.DIMPERIOD (PERIODID,PERIOD) values (1,'Unknown             ');
Insert into SCHOOLS_K12_DW.DIMPERIOD (PERIODID,PERIOD) values (2,'Intersession Absence');
Insert into SCHOOLS_K12_DW.DIMPERIOD (PERIODID,PERIOD) values (3,'First               ');
Insert into SCHOOLS_K12_DW.DIMPERIOD (PERIODID,PERIOD) values (4,'Second              ');
Insert into SCHOOLS_K12_DW.DIMPERIOD (PERIODID,PERIOD) values (5,'Third               ');
Insert into SCHOOLS_K12_DW.DIMPERIOD (PERIODID,PERIOD) values (6,'Fourth              ');
Insert into SCHOOLS_K12_DW.DIMPERIOD (PERIODID,PERIOD) values (7,'Fifth               ');
Insert into SCHOOLS_K12_DW.DIMPERIOD (PERIODID,PERIOD) values (8,'Sixth               ');
Insert into SCHOOLS_K12_DW.DIMPERIOD (PERIODID,PERIOD) values (9,'Seventh             ');
Insert into SCHOOLS_K12_DW.DIMPERIOD (PERIODID,PERIOD) values (10,'Eighth             ');
Insert into SCHOOLS_K12_DW.DIMPERIOD (PERIODID,PERIOD) values (11,'Ninth               ');
Insert into SCHOOLS_K12_DW.DIMPERIOD (PERIODID,PERIOD) values (12,'Tenth               ');
Insert into SCHOOLS_K12_DW.DIMPERIOD (PERIODID,PERIOD) values (13,'Eleventh            ');
Insert into SCHOOLS_K12_DW.DIMPERIOD (PERIODID,PERIOD) values (14,'Twelvth             ');
Insert into SCHOOLS_K12_DW.DIMPERIOD (PERIODID,PERIOD) values (15,null);
Insert into SCHOOLS_K12_DW.DIMPERIOD (PERIODID,PERIOD) values (16,null);
Insert into SCHOOLS_K12_DW.DIMPERIOD (PERIODID,PERIOD) values (17,null);
Insert into SCHOOLS_K12_DW.DIMPERIOD (PERIODID,PERIOD) values (18,null);
Insert into SCHOOLS_K12_DW.DIMPERIOD (PERIODID,PERIOD) values (19,null);
Insert into SCHOOLS_K12_DW.DIMPERIOD (PERIODID,PERIOD) values (20,null);
Insert into SCHOOLS_K12_DW.DIMPERIOD (PERIODID,PERIOD) values (21,null);
Insert into SCHOOLS_K12_DW.DIMPERIOD (PERIODID,PERIOD) values (22,null);
Insert into SCHOOLS_K12_DW.DIMPERIOD (PERIODID,PERIOD) values (23,null);
Insert into SCHOOLS_K12_DW.DIMPERIOD (PERIODID,PERIOD) values (24,null);
Insert into SCHOOLS_K12_DW.DIMPERIOD (PERIODID,PERIOD) values (25,null);
Insert into SCHOOLS_K12_DW.DIMPERIOD (PERIODID,PERIOD) values (26,null);
Insert into SCHOOLS_K12_DW.DIMPERIOD (PERIODID,PERIOD) values (27,null);
Insert into SCHOOLS_K12_DW.DIMPERIOD (PERIODID,PERIOD) values (28,null);
Insert into SCHOOLS_K12_DW.DIMPERIOD (PERIODID,PERIOD) values (29,null);
Insert into SCHOOLS_K12_DW.DIMPERIOD (PERIODID,PERIOD) values (30,null);
Insert into SCHOOLS_K12_DW.DIMPERIOD (PERIODID,PERIOD) values (31,null);
Insert into SCHOOLS_K12_DW.DIMPERIOD (PERIODID,PERIOD) values (32,null);
REM INSERTING into SCHOOLS_K12_DW.DIMSPECIALPROGRAM
SET DEFINE OFF;
Insert into SCHOOLS_K12_DW.DIMSPECIALPROGRAM (PROGRAMID,PROGRAMCODE,PROGRAM) values (1,'KSLD      ','SPECIFIC LEARNING DISABLED    ');
Insert into SCHOOLS_K12_DW.DIMSPECIALPROGRAM (PROGRAMID,PROGRAMCODE,PROGRAM) values (2,'AEMH      ','EDUCABLE MENTALLY HANDICAPPED ');
Insert into SCHOOLS_K12_DW.DIMSPECIALPROGRAM (PROGRAMID,PROGRAMCODE,PROGRAM) values (3,'ZZZZ      ','REFERRED FOR EVALUATION       ');
Insert into SCHOOLS_K12_DW.DIMSPECIALPROGRAM (PROGRAMID,PROGRAMCODE,PROGRAM) values (4,'LGIF      ','GIFTED                        ');
REM INSERTING into SCHOOLS_K12_DW.DIMSTAFF
SET DEFINE OFF;
Insert into SCHOOLS_K12_DW.DIMSTAFF (STAFFID,STAFFTYPEID,STAFFFIRSTNAME,STAFFLASTNAME,STAFFNAME,STAFFADUSERNAME,GRADELEVEL,PRIMARYFACILITYID) values (1,1,'Tai','Lee','Tai Lee','tail',null,1);
Insert into SCHOOLS_K12_DW.DIMSTAFF (STAFFID,STAFFTYPEID,STAFFFIRSTNAME,STAFFLASTNAME,STAFFNAME,STAFFADUSERNAME,GRADELEVEL,PRIMARYFACILITYID) values (2,1,'Diane','Prescott','Diane Prescott','dianep',null,1);
Insert into SCHOOLS_K12_DW.DIMSTAFF (STAFFID,STAFFTYPEID,STAFFFIRSTNAME,STAFFLASTNAME,STAFFNAME,STAFFADUSERNAME,GRADELEVEL,PRIMARYFACILITYID) values (3,1,'Ann','Lidman','Ann Lidman','annl','06',2);
Insert into SCHOOLS_K12_DW.DIMSTAFF (STAFFID,STAFFTYPEID,STAFFFIRSTNAME,STAFFLASTNAME,STAFFNAME,STAFFADUSERNAME,GRADELEVEL,PRIMARYFACILITYID) values (4,1,'Christa','Geller','Christa Geller','christag',null,1);
Insert into SCHOOLS_K12_DW.DIMSTAFF (STAFFID,STAFFTYPEID,STAFFFIRSTNAME,STAFFLASTNAME,STAFFNAME,STAFFADUSERNAME,GRADELEVEL,PRIMARYFACILITYID) values (5,2,'Dan','Jump','Dan Jump','danj',null,4);
Insert into SCHOOLS_K12_DW.DIMSTAFF (STAFFID,STAFFTYPEID,STAFFFIRSTNAME,STAFFLASTNAME,STAFFNAME,STAFFADUSERNAME,GRADELEVEL,PRIMARYFACILITYID) values (6,1,'Molly','Clark','Molly Clark','mclark','01',3);
Insert into SCHOOLS_K12_DW.DIMSTAFF (STAFFID,STAFFTYPEID,STAFFFIRSTNAME,STAFFLASTNAME,STAFFNAME,STAFFADUSERNAME,GRADELEVEL,PRIMARYFACILITYID) values (7,1,'Kim','Ralls','Kim Ralls','kralls','06',2);
Insert into SCHOOLS_K12_DW.DIMSTAFF (STAFFID,STAFFTYPEID,STAFFFIRSTNAME,STAFFLASTNAME,STAFFNAME,STAFFADUSERNAME,GRADELEVEL,PRIMARYFACILITYID) values (8,1,'Todd','Rowe','Todd Rowe','trowe','01',3);
Insert into SCHOOLS_K12_DW.DIMSTAFF (STAFFID,STAFFTYPEID,STAFFFIRSTNAME,STAFFLASTNAME,STAFFNAME,STAFFADUSERNAME,GRADELEVEL,PRIMARYFACILITYID) values (9,1,'Terry','Adams','Terry Adams','TAdams','09',1);
Insert into SCHOOLS_K12_DW.DIMSTAFF (STAFFID,STAFFTYPEID,STAFFFIRSTNAME,STAFFLASTNAME,STAFFNAME,STAFFADUSERNAME,GRADELEVEL,PRIMARYFACILITYID) values (10,1,'Kim','Akers','Kim Akers','KAkers','09',1);
Insert into SCHOOLS_K12_DW.DIMSTAFF (STAFFID,STAFFTYPEID,STAFFFIRSTNAME,STAFFLASTNAME,STAFFNAME,STAFFADUSERNAME,GRADELEVEL,PRIMARYFACILITYID) values (11,1,'Amy ','Alberts','Amy  Alberts','AAlberts','09',1);
Insert into SCHOOLS_K12_DW.DIMSTAFF (STAFFID,STAFFTYPEID,STAFFFIRSTNAME,STAFFLASTNAME,STAFFNAME,STAFFADUSERNAME,GRADELEVEL,PRIMARYFACILITYID) values (12,1,'Brian ','Albrecht','Brian  Albrecht','BAlbrecht','09',1);
Insert into SCHOOLS_K12_DW.DIMSTAFF (STAFFID,STAFFTYPEID,STAFFFIRSTNAME,STAFFLASTNAME,STAFFNAME,STAFFADUSERNAME,GRADELEVEL,PRIMARYFACILITYID) values (13,1,'David','Alexander','David Alexander','DAlexander','09',1);
Insert into SCHOOLS_K12_DW.DIMSTAFF (STAFFID,STAFFTYPEID,STAFFFIRSTNAME,STAFFLASTNAME,STAFFNAME,STAFFADUSERNAME,GRADELEVEL,PRIMARYFACILITYID) values (14,1,'Michael','Alexander','Michael Alexander','MAlexander','10',1);
Insert into SCHOOLS_K12_DW.DIMSTAFF (STAFFID,STAFFTYPEID,STAFFFIRSTNAME,STAFFLASTNAME,STAFFNAME,STAFFADUSERNAME,GRADELEVEL,PRIMARYFACILITYID) values (15,1,'Michelle','Alexander','Michelle Alexander','MAlexander','10',1);
Insert into SCHOOLS_K12_DW.DIMSTAFF (STAFFID,STAFFTYPEID,STAFFFIRSTNAME,STAFFLASTNAME,STAFFNAME,STAFFADUSERNAME,GRADELEVEL,PRIMARYFACILITYID) values (16,1,'Michael','Allen','Michael Allen','MAllen','10',1);
Insert into SCHOOLS_K12_DW.DIMSTAFF (STAFFID,STAFFTYPEID,STAFFFIRSTNAME,STAFFLASTNAME,STAFFNAME,STAFFADUSERNAME,GRADELEVEL,PRIMARYFACILITYID) values (17,1,'Luis','Alverca','Luis Alverca','LAlverca','10',1);
Insert into SCHOOLS_K12_DW.DIMSTAFF (STAFFID,STAFFTYPEID,STAFFFIRSTNAME,STAFFLASTNAME,STAFFNAME,STAFFADUSERNAME,GRADELEVEL,PRIMARYFACILITYID) values (18,1,'James','Alvord','James Alvord','JAlvord','10',1);
Insert into SCHOOLS_K12_DW.DIMSTAFF (STAFFID,STAFFTYPEID,STAFFFIRSTNAME,STAFFLASTNAME,STAFFNAME,STAFFADUSERNAME,GRADELEVEL,PRIMARYFACILITYID) values (19,1,'Antonio','Alwan','Antonio Alwan','AAlwan','11',1);
Insert into SCHOOLS_K12_DW.DIMSTAFF (STAFFID,STAFFTYPEID,STAFFFIRSTNAME,STAFFLASTNAME,STAFFNAME,STAFFADUSERNAME,GRADELEVEL,PRIMARYFACILITYID) values (20,1,'Kamil','Amireh','Kamil Amireh','KAmireh','11',1);
Insert into SCHOOLS_K12_DW.DIMSTAFF (STAFFID,STAFFTYPEID,STAFFFIRSTNAME,STAFFLASTNAME,STAFFNAME,STAFFADUSERNAME,GRADELEVEL,PRIMARYFACILITYID) values (21,1,'Mary','Andersen','Mary Andersen','MAndersen','11',1);
Insert into SCHOOLS_K12_DW.DIMSTAFF (STAFFID,STAFFTYPEID,STAFFFIRSTNAME,STAFFLASTNAME,STAFFNAME,STAFFADUSERNAME,GRADELEVEL,PRIMARYFACILITYID) values (22,1,'Thomas','Andersen','Thomas Andersen','TAndersen','11',1);
Insert into SCHOOLS_K12_DW.DIMSTAFF (STAFFID,STAFFTYPEID,STAFFFIRSTNAME,STAFFLASTNAME,STAFFNAME,STAFFADUSERNAME,GRADELEVEL,PRIMARYFACILITYID) values (23,1,'Christen','Anderson','Christen Anderson','CAnderson','12',1);
Insert into SCHOOLS_K12_DW.DIMSTAFF (STAFFID,STAFFTYPEID,STAFFFIRSTNAME,STAFFLASTNAME,STAFFNAME,STAFFADUSERNAME,GRADELEVEL,PRIMARYFACILITYID) values (24,1,'Ben','Andrews','Ben Andrews','BAndrews','12',1);
Insert into SCHOOLS_K12_DW.DIMSTAFF (STAFFID,STAFFTYPEID,STAFFFIRSTNAME,STAFFLASTNAME,STAFFNAME,STAFFADUSERNAME,GRADELEVEL,PRIMARYFACILITYID) values (25,1,'Lisa','Andrews','Lisa Andrews','LAndrews','12',1);
Insert into SCHOOLS_K12_DW.DIMSTAFF (STAFFID,STAFFTYPEID,STAFFFIRSTNAME,STAFFLASTNAME,STAFFNAME,STAFFADUSERNAME,GRADELEVEL,PRIMARYFACILITYID) values (26,1,'Roy','Antebi','Roy Antebi','RAntebi','12',1);
Insert into SCHOOLS_K12_DW.DIMSTAFF (STAFFID,STAFFTYPEID,STAFFFIRSTNAME,STAFFLASTNAME,STAFFNAME,STAFFADUSERNAME,GRADELEVEL,PRIMARYFACILITYID) values (27,1,'Josh','Bailey','Josh Bailey','JBailey','12',1);
Insert into SCHOOLS_K12_DW.DIMSTAFF (STAFFID,STAFFTYPEID,STAFFFIRSTNAME,STAFFLASTNAME,STAFFNAME,STAFFADUSERNAME,GRADELEVEL,PRIMARYFACILITYID) values (28,1,'Pavel','Bansky','Pavel Bansky','PBansky',null,1);
Insert into SCHOOLS_K12_DW.DIMSTAFF (STAFFID,STAFFTYPEID,STAFFFIRSTNAME,STAFFLASTNAME,STAFFNAME,STAFFADUSERNAME,GRADELEVEL,PRIMARYFACILITYID) values (29,1,'Josh','Barnhill','Josh Barnhill','JBarnhill',null,1);
Insert into SCHOOLS_K12_DW.DIMSTAFF (STAFFID,STAFFTYPEID,STAFFFIRSTNAME,STAFFLASTNAME,STAFFNAME,STAFFADUSERNAME,GRADELEVEL,PRIMARYFACILITYID) values (30,1,'Adam','Barr','Adam Barr','ABarr',null,1);
Insert into SCHOOLS_K12_DW.DIMSTAFF (STAFFID,STAFFTYPEID,STAFFFIRSTNAME,STAFFLASTNAME,STAFFNAME,STAFFADUSERNAME,GRADELEVEL,PRIMARYFACILITYID) values (31,1,'Chris','Barry','Chris Barry','CBarry',null,1);
Insert into SCHOOLS_K12_DW.DIMSTAFF (STAFFID,STAFFTYPEID,STAFFFIRSTNAME,STAFFLASTNAME,STAFFNAME,STAFFADUSERNAME,GRADELEVEL,PRIMARYFACILITYID) values (32,1,'Parry','Bedi','Parry Bedi','PBedi',null,1);
Insert into SCHOOLS_K12_DW.DIMSTAFF (STAFFID,STAFFTYPEID,STAFFFIRSTNAME,STAFFLASTNAME,STAFFNAME,STAFFADUSERNAME,GRADELEVEL,PRIMARYFACILITYID) values (33,1,'Ann','Beebe','Ann Beebe','ABeebe',null,1);
Insert into SCHOOLS_K12_DW.DIMSTAFF (STAFFID,STAFFTYPEID,STAFFFIRSTNAME,STAFFLASTNAME,STAFFNAME,STAFFADUSERNAME,GRADELEVEL,PRIMARYFACILITYID) values (34,1,'Almudena','Benito','Almudena Benito','ABenito',null,1);
Insert into SCHOOLS_K12_DW.DIMSTAFF (STAFFID,STAFFTYPEID,STAFFFIRSTNAME,STAFFLASTNAME,STAFFNAME,STAFFADUSERNAME,GRADELEVEL,PRIMARYFACILITYID) values (35,1,'Sean','Bentley','Sean Bentley','SBentley',null,1);
Insert into SCHOOLS_K12_DW.DIMSTAFF (STAFFID,STAFFTYPEID,STAFFFIRSTNAME,STAFFLASTNAME,STAFFNAME,STAFFADUSERNAME,GRADELEVEL,PRIMARYFACILITYID) values (36,1,'Nuno','Bento','Nuno Bento','NBento',null,1);
Insert into SCHOOLS_K12_DW.DIMSTAFF (STAFFID,STAFFTYPEID,STAFFFIRSTNAME,STAFFLASTNAME,STAFFNAME,STAFFADUSERNAME,GRADELEVEL,PRIMARYFACILITYID) values (37,1,'Ari','Bixhorn','Ari Bixhorn','ABixhorn',null,1);
Insert into SCHOOLS_K12_DW.DIMSTAFF (STAFFID,STAFFTYPEID,STAFFFIRSTNAME,STAFFLASTNAME,STAFFNAME,STAFFADUSERNAME,GRADELEVEL,PRIMARYFACILITYID) values (38,1,'Neil','Black','Neil Black','NBlack',null,1);
Insert into SCHOOLS_K12_DW.DIMSTAFF (STAFFID,STAFFTYPEID,STAFFFIRSTNAME,STAFFLASTNAME,STAFFNAME,STAFFADUSERNAME,GRADELEVEL,PRIMARYFACILITYID) values (39,1,'Rex','Bloesser','Rex Bloesser','RBloesser',null,1);
Insert into SCHOOLS_K12_DW.DIMSTAFF (STAFFID,STAFFTYPEID,STAFFFIRSTNAME,STAFFLASTNAME,STAFFNAME,STAFFADUSERNAME,GRADELEVEL,PRIMARYFACILITYID) values (40,1,'Colleen','Bracy','Colleen Bracy','CBracy',null,1);
Insert into SCHOOLS_K12_DW.DIMSTAFF (STAFFID,STAFFTYPEID,STAFFFIRSTNAME,STAFFLASTNAME,STAFFNAME,STAFFADUSERNAME,GRADELEVEL,PRIMARYFACILITYID) values (41,1,'David ','Bradley','David  Bradley','DBradley','06',2);
Insert into SCHOOLS_K12_DW.DIMSTAFF (STAFFID,STAFFTYPEID,STAFFFIRSTNAME,STAFFLASTNAME,STAFFNAME,STAFFADUSERNAME,GRADELEVEL,PRIMARYFACILITYID) values (42,1,'Chloe','Brussard','Chloe Brussard','CBrussard','06',2);
Insert into SCHOOLS_K12_DW.DIMSTAFF (STAFFID,STAFFTYPEID,STAFFFIRSTNAME,STAFFLASTNAME,STAFFNAME,STAFFADUSERNAME,GRADELEVEL,PRIMARYFACILITYID) values (43,1,'Susan','Burk','Susan Burk','SBurk','07',2);
Insert into SCHOOLS_K12_DW.DIMSTAFF (STAFFID,STAFFTYPEID,STAFFFIRSTNAME,STAFFLASTNAME,STAFFNAME,STAFFADUSERNAME,GRADELEVEL,PRIMARYFACILITYID) values (44,1,'Brian','Burke','Brian Burke','BBurke','07',2);
Insert into SCHOOLS_K12_DW.DIMSTAFF (STAFFID,STAFFTYPEID,STAFFFIRSTNAME,STAFFLASTNAME,STAFFNAME,STAFFADUSERNAME,GRADELEVEL,PRIMARYFACILITYID) values (45,1,'Ovidiu','Burlacu','Ovidiu Burlacu','OBurlacu','07',2);
Insert into SCHOOLS_K12_DW.DIMSTAFF (STAFFID,STAFFTYPEID,STAFFFIRSTNAME,STAFFLASTNAME,STAFFNAME,STAFFADUSERNAME,GRADELEVEL,PRIMARYFACILITYID) values (46,1,'Tzipi','Butnaru','Tzipi Butnaru','TButnaru','07',2);
Insert into SCHOOLS_K12_DW.DIMSTAFF (STAFFID,STAFFTYPEID,STAFFFIRSTNAME,STAFFLASTNAME,STAFFNAME,STAFFADUSERNAME,GRADELEVEL,PRIMARYFACILITYID) values (47,1,'Reina','Cabatana','Reina Cabatana','RCabatana','08',2);
Insert into SCHOOLS_K12_DW.DIMSTAFF (STAFFID,STAFFTYPEID,STAFFFIRSTNAME,STAFFLASTNAME,STAFFNAME,STAFFADUSERNAME,GRADELEVEL,PRIMARYFACILITYID) values (48,1,'Ryan','Calafato','Ryan Calafato','RCalafato','08',2);
Insert into SCHOOLS_K12_DW.DIMSTAFF (STAFFID,STAFFTYPEID,STAFFFIRSTNAME,STAFFLASTNAME,STAFFNAME,STAFFADUSERNAME,GRADELEVEL,PRIMARYFACILITYID) values (49,1,'Iulian','Calinov','Iulian Calinov','ICalinov','08',2);
Insert into SCHOOLS_K12_DW.DIMSTAFF (STAFFID,STAFFTYPEID,STAFFFIRSTNAME,STAFFLASTNAME,STAFFNAME,STAFFADUSERNAME,GRADELEVEL,PRIMARYFACILITYID) values (50,1,'Geert','Camelbeke','Geert Camelbeke','GCamelbeke','08',2);
Insert into SCHOOLS_K12_DW.DIMSTAFF (STAFFID,STAFFTYPEID,STAFFFIRSTNAME,STAFFLASTNAME,STAFFNAME,STAFFADUSERNAME,GRADELEVEL,PRIMARYFACILITYID) values (51,1,'Cyril','Carbonati','Cyril Carbonati','CCarbonati','02',3);
Insert into SCHOOLS_K12_DW.DIMSTAFF (STAFFID,STAFFTYPEID,STAFFFIRSTNAME,STAFFLASTNAME,STAFFNAME,STAFFADUSERNAME,GRADELEVEL,PRIMARYFACILITYID) values (52,1,'Gwyneth ','Casazza','Gwyneth  Casazza','GCasazza','02',3);
Insert into SCHOOLS_K12_DW.DIMSTAFF (STAFFID,STAFFTYPEID,STAFFFIRSTNAME,STAFFLASTNAME,STAFFNAME,STAFFADUSERNAME,GRADELEVEL,PRIMARYFACILITYID) values (53,1,'Rob','Cason','Rob Cason','RCason','02',3);
Insert into SCHOOLS_K12_DW.DIMSTAFF (STAFFID,STAFFTYPEID,STAFFFIRSTNAME,STAFFLASTNAME,STAFFNAME,STAFFADUSERNAME,GRADELEVEL,PRIMARYFACILITYID) values (54,1,'Gitte','Casparij','Gitte Casparij','GCasparij','03',3);
Insert into SCHOOLS_K12_DW.DIMSTAFF (STAFFID,STAFFTYPEID,STAFFFIRSTNAME,STAFFLASTNAME,STAFFNAME,STAFFADUSERNAME,GRADELEVEL,PRIMARYFACILITYID) values (55,1,'Joao','Casqueiro','Joao Casqueiro','JCasqueiro','03',3);
Insert into SCHOOLS_K12_DW.DIMSTAFF (STAFFID,STAFFTYPEID,STAFFFIRSTNAME,STAFFLASTNAME,STAFFNAME,STAFFADUSERNAME,GRADELEVEL,PRIMARYFACILITYID) values (56,1,'Giorgio','Cavaglieri','Giorgio Cavaglieri','GCavaglieri','03',3);
Insert into SCHOOLS_K12_DW.DIMSTAFF (STAFFID,STAFFTYPEID,STAFFFIRSTNAME,STAFFLASTNAME,STAFFNAME,STAFFADUSERNAME,GRADELEVEL,PRIMARYFACILITYID) values (57,1,'Matt','Cavallari','Matt Cavallari','MCavallari','04',3);
Insert into SCHOOLS_K12_DW.DIMSTAFF (STAFFID,STAFFTYPEID,STAFFFIRSTNAME,STAFFLASTNAME,STAFFNAME,STAFFADUSERNAME,GRADELEVEL,PRIMARYFACILITYID) values (58,1,'Luisa','Cazzaniga','Luisa Cazzaniga','LCazzaniga','04',3);
Insert into SCHOOLS_K12_DW.DIMSTAFF (STAFFID,STAFFTYPEID,STAFFFIRSTNAME,STAFFLASTNAME,STAFFNAME,STAFFADUSERNAME,GRADELEVEL,PRIMARYFACILITYID) values (59,1,'Mohammad','Chami','Mohammad Chami','MChami','04',3);
Insert into SCHOOLS_K12_DW.DIMSTAFF (STAFFID,STAFFTYPEID,STAFFFIRSTNAME,STAFFLASTNAME,STAFFNAME,STAFFADUSERNAME,GRADELEVEL,PRIMARYFACILITYID) values (60,1,'Gareth','Chan','Gareth Chan','GChan','05',3);
Insert into SCHOOLS_K12_DW.DIMSTAFF (STAFFID,STAFFTYPEID,STAFFFIRSTNAME,STAFFLASTNAME,STAFFNAME,STAFFADUSERNAME,GRADELEVEL,PRIMARYFACILITYID) values (61,1,'Greg','Chapman','Greg Chapman','GChapman','05',3);
Insert into SCHOOLS_K12_DW.DIMSTAFF (STAFFID,STAFFTYPEID,STAFFFIRSTNAME,STAFFLASTNAME,STAFFNAME,STAFFADUSERNAME,GRADELEVEL,PRIMARYFACILITYID) values (62,1,'Hao','Chen','Hao Chen','HChen','05',3);
Insert into SCHOOLS_K12_DW.DIMSTAFF (STAFFID,STAFFTYPEID,STAFFFIRSTNAME,STAFFLASTNAME,STAFFNAME,STAFFADUSERNAME,GRADELEVEL,PRIMARYFACILITYID) values (63,1,'Jacky','Chen','Jacky Chen','JChen','01',3);
Insert into SCHOOLS_K12_DW.DIMSTAFF (STAFFID,STAFFTYPEID,STAFFFIRSTNAME,STAFFLASTNAME,STAFFNAME,STAFFADUSERNAME,GRADELEVEL,PRIMARYFACILITYID) values (64,1,'John ','Chen','John  Chen','JChen','02',3);
Insert into SCHOOLS_K12_DW.DIMSTAFF (STAFFID,STAFFTYPEID,STAFFFIRSTNAME,STAFFLASTNAME,STAFFNAME,STAFFADUSERNAME,GRADELEVEL,PRIMARYFACILITYID) values (65,1,'Manish','Chopra','Manish Chopra','MChopra','03',3);
Insert into SCHOOLS_K12_DW.DIMSTAFF (STAFFID,STAFFTYPEID,STAFFFIRSTNAME,STAFFLASTNAME,STAFFNAME,STAFFADUSERNAME,GRADELEVEL,PRIMARYFACILITYID) values (66,1,'Ray','Chow','Ray Chow','RChow','04',3);
Insert into SCHOOLS_K12_DW.DIMSTAFF (STAFFID,STAFFTYPEID,STAFFFIRSTNAME,STAFFLASTNAME,STAFFNAME,STAFFADUSERNAME,GRADELEVEL,PRIMARYFACILITYID) values (67,1,'Terri','Chudzik','Terri Chudzik','TChudzik','05',3);
Insert into SCHOOLS_K12_DW.DIMSTAFF (STAFFID,STAFFTYPEID,STAFFFIRSTNAME,STAFFLASTNAME,STAFFNAME,STAFFADUSERNAME,GRADELEVEL,PRIMARYFACILITYID) values (68,1,'Petra','Chvojkov','Petra Chvojkov','PChvojkov','01',3);
Insert into SCHOOLS_K12_DW.DIMSTAFF (STAFFID,STAFFTYPEID,STAFFFIRSTNAME,STAFFLASTNAME,STAFFNAME,STAFFADUSERNAME,GRADELEVEL,PRIMARYFACILITYID) values (69,1,'Alice','Ciccu','Alice Ciccu','ACiccu','02',3);
Insert into SCHOOLS_K12_DW.DIMSTAFF (STAFFID,STAFFTYPEID,STAFFFIRSTNAME,STAFFLASTNAME,STAFFNAME,STAFFADUSERNAME,GRADELEVEL,PRIMARYFACILITYID) values (70,1,'Ken','Circeo','Ken Circeo','KCirceo','03',3);
Insert into SCHOOLS_K12_DW.DIMSTAFF (STAFFID,STAFFTYPEID,STAFFFIRSTNAME,STAFFLASTNAME,STAFFNAME,STAFFADUSERNAME,GRADELEVEL,PRIMARYFACILITYID) values (71,1,'Izak','Cohen','Izak Cohen','ICohen','04',3);
Insert into SCHOOLS_K12_DW.DIMSTAFF (STAFFID,STAFFTYPEID,STAFFFIRSTNAME,STAFFLASTNAME,STAFFNAME,STAFFADUSERNAME,GRADELEVEL,PRIMARYFACILITYID) values (72,1,'Pat','Coleman','Pat Coleman','PColeman','05',3);
Insert into SCHOOLS_K12_DW.DIMSTAFF (STAFFID,STAFFTYPEID,STAFFFIRSTNAME,STAFFLASTNAME,STAFFNAME,STAFFADUSERNAME,GRADELEVEL,PRIMARYFACILITYID) values (73,1,'Craig ','Combel','Craig  Combel','CCombel',null,3);
Insert into SCHOOLS_K12_DW.DIMSTAFF (STAFFID,STAFFTYPEID,STAFFFIRSTNAME,STAFFLASTNAME,STAFFNAME,STAFFADUSERNAME,GRADELEVEL,PRIMARYFACILITYID) values (74,1,'Can','Comertoglu','Can Comertoglu','CComertoglu',null,3);
Insert into SCHOOLS_K12_DW.DIMSTAFF (STAFFID,STAFFTYPEID,STAFFFIRSTNAME,STAFFLASTNAME,STAFFNAME,STAFFADUSERNAME,GRADELEVEL,PRIMARYFACILITYID) values (75,1,'Aaron','Con','Aaron Con','ACon',null,3);
Insert into SCHOOLS_K12_DW.DIMSTAFF (STAFFID,STAFFTYPEID,STAFFFIRSTNAME,STAFFLASTNAME,STAFFNAME,STAFFADUSERNAME,GRADELEVEL,PRIMARYFACILITYID) values (76,1,'Peter','Connelly','Peter Connelly','PConnelly',null,3);
Insert into SCHOOLS_K12_DW.DIMSTAFF (STAFFID,STAFFTYPEID,STAFFFIRSTNAME,STAFFLASTNAME,STAFFNAME,STAFFADUSERNAME,GRADELEVEL,PRIMARYFACILITYID) values (77,1,'Kevin','Cook','Kevin Cook','KCook',null,3);
Insert into SCHOOLS_K12_DW.DIMSTAFF (STAFFID,STAFFTYPEID,STAFFFIRSTNAME,STAFFLASTNAME,STAFFNAME,STAFFADUSERNAME,GRADELEVEL,PRIMARYFACILITYID) values (78,1,'Patrick ','Cook','Patrick  Cook','PCook',null,3);
Insert into SCHOOLS_K12_DW.DIMSTAFF (STAFFID,STAFFTYPEID,STAFFFIRSTNAME,STAFFLASTNAME,STAFFNAME,STAFFADUSERNAME,GRADELEVEL,PRIMARYFACILITYID) values (79,1,'Jeroen','Cool','Jeroen Cool','JCool',null,3);
Insert into SCHOOLS_K12_DW.DIMSTAFF (STAFFID,STAFFTYPEID,STAFFFIRSTNAME,STAFFLASTNAME,STAFFNAME,STAFFADUSERNAME,GRADELEVEL,PRIMARYFACILITYID) values (80,1,'Jim','Corbin','Jim Corbin','JCorbin',null,3);
Insert into SCHOOLS_K12_DW.DIMSTAFF (STAFFID,STAFFTYPEID,STAFFFIRSTNAME,STAFFLASTNAME,STAFFNAME,STAFFADUSERNAME,GRADELEVEL,PRIMARYFACILITYID) values (81,1,'Michel','Cordani','Michel Cordani','MCordani',null,3);
Insert into SCHOOLS_K12_DW.DIMSTAFF (STAFFID,STAFFTYPEID,STAFFFIRSTNAME,STAFFLASTNAME,STAFFNAME,STAFFADUSERNAME,GRADELEVEL,PRIMARYFACILITYID) values (82,1,'Eva','Corets','Eva Corets','ECorets',null,3);
Insert into SCHOOLS_K12_DW.DIMSTAFF (STAFFID,STAFFTYPEID,STAFFFIRSTNAME,STAFFLASTNAME,STAFFNAME,STAFFADUSERNAME,GRADELEVEL,PRIMARYFACILITYID) values (83,1,'Cecilia','Cornejo','Cecilia Cornejo','CCornejo',null,3);
Insert into SCHOOLS_K12_DW.DIMSTAFF (STAFFID,STAFFTYPEID,STAFFFIRSTNAME,STAFFLASTNAME,STAFFNAME,STAFFADUSERNAME,GRADELEVEL,PRIMARYFACILITYID) values (84,1,'Robin','Counts','Robin Counts','RCounts',null,3);
Insert into SCHOOLS_K12_DW.DIMSTAFF (STAFFID,STAFFTYPEID,STAFFFIRSTNAME,STAFFLASTNAME,STAFFNAME,STAFFADUSERNAME,GRADELEVEL,PRIMARYFACILITYID) values (85,1,'Jack','Creasey','Jack Creasey','JCreasey',null,3);
Insert into SCHOOLS_K12_DW.DIMSTAFF (STAFFID,STAFFTYPEID,STAFFFIRSTNAME,STAFFLASTNAME,STAFFNAME,STAFFADUSERNAME,GRADELEVEL,PRIMARYFACILITYID) values (86,1,'Ioan','Crisiarcu','Ioan Crisiarcu','ICrisiarcu',null,3);
Insert into SCHOOLS_K12_DW.DIMSTAFF (STAFFID,STAFFTYPEID,STAFFFIRSTNAME,STAFFLASTNAME,STAFFNAME,STAFFADUSERNAME,GRADELEVEL,PRIMARYFACILITYID) values (87,1,'Mara ','Cuesta','Mara  Cuesta','MCuesta',null,3);
Insert into SCHOOLS_K12_DW.DIMSTAFF (STAFFID,STAFFTYPEID,STAFFFIRSTNAME,STAFFLASTNAME,STAFFNAME,STAFFADUSERNAME,GRADELEVEL,PRIMARYFACILITYID) values (88,1,'Grant','Culbertson','Grant Culbertson','GCulbertson',null,3);
Insert into SCHOOLS_K12_DW.DIMSTAFF (STAFFID,STAFFTYPEID,STAFFFIRSTNAME,STAFFLASTNAME,STAFFNAME,STAFFADUSERNAME,GRADELEVEL,PRIMARYFACILITYID) values (89,1,'Scott','Culp','Scott Culp','SCulp',null,3);
Insert into SCHOOLS_K12_DW.DIMSTAFF (STAFFID,STAFFTYPEID,STAFFFIRSTNAME,STAFFLASTNAME,STAFFNAME,STAFFADUSERNAME,GRADELEVEL,PRIMARYFACILITYID) values (90,1,'Gonalo','Cunha','Gonalo Cunha','GCunha',null,3);
Insert into SCHOOLS_K12_DW.DIMSTAFF (STAFFID,STAFFTYPEID,STAFFFIRSTNAME,STAFFLASTNAME,STAFFNAME,STAFFADUSERNAME,GRADELEVEL,PRIMARYFACILITYID) values (91,1,'Conor','Cunningham','Conor Cunningham','CCunningham',null,3);
Insert into SCHOOLS_K12_DW.DIMSTAFF (STAFFID,STAFFTYPEID,STAFFFIRSTNAME,STAFFLASTNAME,STAFFNAME,STAFFADUSERNAME,GRADELEVEL,PRIMARYFACILITYID) values (92,1,'Pawel','Czernek','Pawel Czernek','PCzernek',null,3);
Insert into SCHOOLS_K12_DW.DIMSTAFF (STAFFID,STAFFTYPEID,STAFFFIRSTNAME,STAFFLASTNAME,STAFFNAME,STAFFADUSERNAME,GRADELEVEL,PRIMARYFACILITYID) values (93,1,'Wojciech','Czupta','Wojciech Czupta','WCzupta',null,3);
Insert into SCHOOLS_K12_DW.DIMSTAFF (STAFFID,STAFFTYPEID,STAFFFIRSTNAME,STAFFLASTNAME,STAFFNAME,STAFFADUSERNAME,GRADELEVEL,PRIMARYFACILITYID) values (94,1,'Apurva','Dalia','Apurva Dalia','ADalia',null,3);
Insert into SCHOOLS_K12_DW.DIMSTAFF (STAFFID,STAFFTYPEID,STAFFFIRSTNAME,STAFFLASTNAME,STAFFNAME,STAFFADUSERNAME,GRADELEVEL,PRIMARYFACILITYID) values (95,1,'Ofer','Daliot','Ofer Daliot','ODaliot',null,3);
Insert into SCHOOLS_K12_DW.DIMSTAFF (STAFFID,STAFFTYPEID,STAFFFIRSTNAME,STAFFLASTNAME,STAFFNAME,STAFFADUSERNAME,GRADELEVEL,PRIMARYFACILITYID) values (96,1,'Jim','Daly','Jim Daly','JDaly',null,3);
Insert into SCHOOLS_K12_DW.DIMSTAFF (STAFFID,STAFFTYPEID,STAFFFIRSTNAME,STAFFLASTNAME,STAFFNAME,STAFFADUSERNAME,GRADELEVEL,PRIMARYFACILITYID) values (97,1,'Ryan','Danner','Ryan Danner','RDanner',null,3);
Insert into SCHOOLS_K12_DW.DIMSTAFF (STAFFID,STAFFTYPEID,STAFFFIRSTNAME,STAFFLASTNAME,STAFFNAME,STAFFADUSERNAME,GRADELEVEL,PRIMARYFACILITYID) values (98,1,'Mike','Danseglio','Mike Danseglio','MDanseglio',null,3);
Insert into SCHOOLS_K12_DW.DIMSTAFF (STAFFID,STAFFTYPEID,STAFFFIRSTNAME,STAFFLASTNAME,STAFFNAME,STAFFADUSERNAME,GRADELEVEL,PRIMARYFACILITYID) values (99,1,'Alex','Darrow','Alex Darrow','ADarrow',null,3);
Insert into SCHOOLS_K12_DW.DIMSTAFF (STAFFID,STAFFTYPEID,STAFFFIRSTNAME,STAFFLASTNAME,STAFFNAME,STAFFADUSERNAME,GRADELEVEL,PRIMARYFACILITYID) values (100,1,'Shannon','Dascher','Shannon Dascher','SDascher','01',5);
Insert into SCHOOLS_K12_DW.DIMSTAFF (STAFFID,STAFFTYPEID,STAFFFIRSTNAME,STAFFLASTNAME,STAFFNAME,STAFFADUSERNAME,GRADELEVEL,PRIMARYFACILITYID) values (101,1,'Velimir','Davidovski','Velimir Davidovski','VDavidovski','01',5);
Insert into SCHOOLS_K12_DW.DIMSTAFF (STAFFID,STAFFTYPEID,STAFFFIRSTNAME,STAFFLASTNAME,STAFFNAME,STAFFADUSERNAME,GRADELEVEL,PRIMARYFACILITYID) values (102,1,'Andrew','Davis','Andrew Davis','ADavis','01',5);
Insert into SCHOOLS_K12_DW.DIMSTAFF (STAFFID,STAFFTYPEID,STAFFFIRSTNAME,STAFFLASTNAME,STAFFNAME,STAFFADUSERNAME,GRADELEVEL,PRIMARYFACILITYID) values (103,1,'Sara','Davis','Sara Davis','SDavis','01',5);
Insert into SCHOOLS_K12_DW.DIMSTAFF (STAFFID,STAFFTYPEID,STAFFFIRSTNAME,STAFFLASTNAME,STAFFNAME,STAFFADUSERNAME,GRADELEVEL,PRIMARYFACILITYID) values (104,1,'Eric','Davison','Eric Davison','EDavison','02',5);
Insert into SCHOOLS_K12_DW.DIMSTAFF (STAFFID,STAFFTYPEID,STAFFFIRSTNAME,STAFFLASTNAME,STAFFNAME,STAFFADUSERNAME,GRADELEVEL,PRIMARYFACILITYID) values (105,1,'Marlowe','Dayley','Marlowe Dayley','MDayley','02',5);
Insert into SCHOOLS_K12_DW.DIMSTAFF (STAFFID,STAFFTYPEID,STAFFFIRSTNAME,STAFFLASTNAME,STAFFNAME,STAFFADUSERNAME,GRADELEVEL,PRIMARYFACILITYID) values (106,1,'Denis','Dehenne','Denis Dehenne','DDehenne','02',5);
Insert into SCHOOLS_K12_DW.DIMSTAFF (STAFFID,STAFFTYPEID,STAFFFIRSTNAME,STAFFLASTNAME,STAFFNAME,STAFFADUSERNAME,GRADELEVEL,PRIMARYFACILITYID) values (107,1,'Aidan','Delaney','Aidan Delaney','ADelaney','02',5);
Insert into SCHOOLS_K12_DW.DIMSTAFF (STAFFID,STAFFTYPEID,STAFFFIRSTNAME,STAFFLASTNAME,STAFFNAME,STAFFADUSERNAME,GRADELEVEL,PRIMARYFACILITYID) values (108,1,'Myriam','Delesalle','Myriam Delesalle','MDelesalle','03',5);
Insert into SCHOOLS_K12_DW.DIMSTAFF (STAFFID,STAFFTYPEID,STAFFFIRSTNAME,STAFFLASTNAME,STAFFNAME,STAFFADUSERNAME,GRADELEVEL,PRIMARYFACILITYID) values (109,1,'Axel','Delgado','Axel Delgado','ADelgado','03',5);
Insert into SCHOOLS_K12_DW.DIMSTAFF (STAFFID,STAFFTYPEID,STAFFFIRSTNAME,STAFFLASTNAME,STAFFNAME,STAFFADUSERNAME,GRADELEVEL,PRIMARYFACILITYID) values (110,1,'Eduard','Dell','Eduard Dell','EDell','03',5);
Insert into SCHOOLS_K12_DW.DIMSTAFF (STAFFID,STAFFTYPEID,STAFFFIRSTNAME,STAFFLASTNAME,STAFFNAME,STAFFADUSERNAME,GRADELEVEL,PRIMARYFACILITYID) values (111,1,'Luca','Dellamore','Luca Dellamore','LDellamore','04',5);
Insert into SCHOOLS_K12_DW.DIMSTAFF (STAFFID,STAFFTYPEID,STAFFFIRSTNAME,STAFFLASTNAME,STAFFNAME,STAFFADUSERNAME,GRADELEVEL,PRIMARYFACILITYID) values (112,1,'Stephen','Deming','Stephen Deming','SDeming','04',5);
Insert into SCHOOLS_K12_DW.DIMSTAFF (STAFFID,STAFFTYPEID,STAFFFIRSTNAME,STAFFLASTNAME,STAFFNAME,STAFFADUSERNAME,GRADELEVEL,PRIMARYFACILITYID) values (113,1,'Molly','Dempsey','Molly Dempsey','MDempsey','04',5);
Insert into SCHOOLS_K12_DW.DIMSTAFF (STAFFID,STAFFTYPEID,STAFFFIRSTNAME,STAFFLASTNAME,STAFFNAME,STAFFADUSERNAME,GRADELEVEL,PRIMARYFACILITYID) values (114,1,'Bruno','Denuit','Bruno Denuit','BDenuit','04',5);
Insert into SCHOOLS_K12_DW.DIMSTAFF (STAFFID,STAFFTYPEID,STAFFFIRSTNAME,STAFFLASTNAME,STAFFNAME,STAFFADUSERNAME,GRADELEVEL,PRIMARYFACILITYID) values (115,1,'Natasha ','Desai','Natasha  Desai','NDesai','05',5);
Insert into SCHOOLS_K12_DW.DIMSTAFF (STAFFID,STAFFTYPEID,STAFFFIRSTNAME,STAFFLASTNAME,STAFFNAME,STAFFADUSERNAME,GRADELEVEL,PRIMARYFACILITYID) values (116,1,'Prashanth','Desai','Prashanth Desai','PDesai','05',5);
Insert into SCHOOLS_K12_DW.DIMSTAFF (STAFFID,STAFFTYPEID,STAFFFIRSTNAME,STAFFLASTNAME,STAFFNAME,STAFFADUSERNAME,GRADELEVEL,PRIMARYFACILITYID) values (117,1,'Shane','DeSeranno','Shane DeSeranno','SDeSeranno','05',5);
Insert into SCHOOLS_K12_DW.DIMSTAFF (STAFFID,STAFFTYPEID,STAFFFIRSTNAME,STAFFLASTNAME,STAFFNAME,STAFFADUSERNAME,GRADELEVEL,PRIMARYFACILITYID) values (118,1,'Michael','DeVoe','Michael DeVoe','MDeVoe','05',5);
Insert into SCHOOLS_K12_DW.DIMSTAFF (STAFFID,STAFFTYPEID,STAFFFIRSTNAME,STAFFLASTNAME,STAFFNAME,STAFFADUSERNAME,GRADELEVEL,PRIMARYFACILITYID) values (119,1,'Craig','Dewar','Craig Dewar','CDewar','06',5);
Insert into SCHOOLS_K12_DW.DIMSTAFF (STAFFID,STAFFTYPEID,STAFFFIRSTNAME,STAFFLASTNAME,STAFFNAME,STAFFADUSERNAME,GRADELEVEL,PRIMARYFACILITYID) values (120,1,'Cari','Dick','Cari Dick','CDick','06',5);
Insert into SCHOOLS_K12_DW.DIMSTAFF (STAFFID,STAFFTYPEID,STAFFFIRSTNAME,STAFFLASTNAME,STAFFNAME,STAFFADUSERNAME,GRADELEVEL,PRIMARYFACILITYID) values (121,1,'Holly','Dickson','Holly Dickson','HDickson','06',5);
Insert into SCHOOLS_K12_DW.DIMSTAFF (STAFFID,STAFFTYPEID,STAFFFIRSTNAME,STAFFLASTNAME,STAFFNAME,STAFFADUSERNAME,GRADELEVEL,PRIMARYFACILITYID) values (122,1,'Cliff','Didcock','Cliff Didcock','CDidcock','06',5);
Insert into SCHOOLS_K12_DW.DIMSTAFF (STAFFID,STAFFTYPEID,STAFFFIRSTNAME,STAFFLASTNAME,STAFFNAME,STAFFADUSERNAME,GRADELEVEL,PRIMARYFACILITYID) values (123,1,'Pablo','Diez','Pablo Diez','PDiez',null,5);
Insert into SCHOOLS_K12_DW.DIMSTAFF (STAFFID,STAFFTYPEID,STAFFFIRSTNAME,STAFFLASTNAME,STAFFNAME,STAFFADUSERNAME,GRADELEVEL,PRIMARYFACILITYID) values (124,1,'Andrew','Dixon','Andrew Dixon','ADixon',null,5);
Insert into SCHOOLS_K12_DW.DIMSTAFF (STAFFID,STAFFTYPEID,STAFFFIRSTNAME,STAFFLASTNAME,STAFFNAME,STAFFADUSERNAME,GRADELEVEL,PRIMARYFACILITYID) values (125,1,'Blaine','Dockter','Blaine Dockter','BDockter',null,5);
Insert into SCHOOLS_K12_DW.DIMSTAFF (STAFFID,STAFFTYPEID,STAFFFIRSTNAME,STAFFLASTNAME,STAFFNAME,STAFFADUSERNAME,GRADELEVEL,PRIMARYFACILITYID) values (126,1,'Jane','Dow','Jane Dow','JDow',null,5);
Insert into SCHOOLS_K12_DW.DIMSTAFF (STAFFID,STAFFTYPEID,STAFFFIRSTNAME,STAFFLASTNAME,STAFFNAME,STAFFADUSERNAME,GRADELEVEL,PRIMARYFACILITYID) values (127,1,'Chris','Downs','Chris Downs','CDowns',null,5);
Insert into SCHOOLS_K12_DW.DIMSTAFF (STAFFID,STAFFTYPEID,STAFFFIRSTNAME,STAFFLASTNAME,STAFFNAME,STAFFADUSERNAME,GRADELEVEL,PRIMARYFACILITYID) values (128,1,'Patricia','Doyle','Patricia Doyle','PDoyle',null,5);
Insert into SCHOOLS_K12_DW.DIMSTAFF (STAFFID,STAFFTYPEID,STAFFFIRSTNAME,STAFFLASTNAME,STAFFNAME,STAFFADUSERNAME,GRADELEVEL,PRIMARYFACILITYID) values (129,1,'Jan','Dryml','Jan Dryml','JDryml',null,5);
Insert into SCHOOLS_K12_DW.DIMSTAFF (STAFFID,STAFFTYPEID,STAFFFIRSTNAME,STAFFLASTNAME,STAFFNAME,STAFFADUSERNAME,GRADELEVEL,PRIMARYFACILITYID) values (130,1,'Reuben','Dsa','Reuben Dsa','rdsa',null,5);
Insert into SCHOOLS_K12_DW.DIMSTAFF (STAFFID,STAFFTYPEID,STAFFFIRSTNAME,STAFFLASTNAME,STAFFNAME,STAFFADUSERNAME,GRADELEVEL,PRIMARYFACILITYID) values (131,1,'Dominik','Dubicki','Dominik Dubicki','DDubicki',null,5);
Insert into SCHOOLS_K12_DW.DIMSTAFF (STAFFID,STAFFTYPEID,STAFFFIRSTNAME,STAFFLASTNAME,STAFFNAME,STAFFADUSERNAME,GRADELEVEL,PRIMARYFACILITYID) values (132,1,'Bernard','Duerr','Bernard Duerr','BDuerr',null,5);
Insert into SCHOOLS_K12_DW.DIMSTAFF (STAFFID,STAFFTYPEID,STAFFFIRSTNAME,STAFFLASTNAME,STAFFNAME,STAFFADUSERNAME,GRADELEVEL,PRIMARYFACILITYID) values (133,1,'Marina','Dukhon','Marina Dukhon','MDukhon',null,5);
Insert into SCHOOLS_K12_DW.DIMSTAFF (STAFFID,STAFFTYPEID,STAFFFIRSTNAME,STAFFLASTNAME,STAFFNAME,STAFFADUSERNAME,GRADELEVEL,PRIMARYFACILITYID) values (134,1,'Adrian','Dumitrascu','Adrian Dumitrascu','ADumitrascu',null,5);
Insert into SCHOOLS_K12_DW.DIMSTAFF (STAFFID,STAFFTYPEID,STAFFFIRSTNAME,STAFFLASTNAME,STAFFNAME,STAFFADUSERNAME,GRADELEVEL,PRIMARYFACILITYID) values (135,1,'Bart','Duncan','Bart Duncan','BDuncan',null,5);
Insert into SCHOOLS_K12_DW.DIMSTAFF (STAFFID,STAFFTYPEID,STAFFFIRSTNAME,STAFFLASTNAME,STAFFNAME,STAFFADUSERNAME,GRADELEVEL,PRIMARYFACILITYID) values (136,1,'Andrea','Dunker','Andrea Dunker','ADunker',null,5);
Insert into SCHOOLS_K12_DW.DIMSTAFF (STAFFID,STAFFTYPEID,STAFFFIRSTNAME,STAFFLASTNAME,STAFFNAME,STAFFADUSERNAME,GRADELEVEL,PRIMARYFACILITYID) values (137,1,'Daniel','Durrer','Daniel Durrer','DDurrer',null,5);
Insert into SCHOOLS_K12_DW.DIMSTAFF (STAFFID,STAFFTYPEID,STAFFFIRSTNAME,STAFFLASTNAME,STAFFNAME,STAFFADUSERNAME,GRADELEVEL,PRIMARYFACILITYID) values (138,1,'Shelley','Dyck','Shelley Dyck','SDyck',null,5);
Insert into SCHOOLS_K12_DW.DIMSTAFF (STAFFID,STAFFTYPEID,STAFFFIRSTNAME,STAFFLASTNAME,STAFFNAME,STAFFADUSERNAME,GRADELEVEL,PRIMARYFACILITYID) values (139,1,'Maria','Dykstra','Maria Dykstra','MDykstra',null,5);
Insert into SCHOOLS_K12_DW.DIMSTAFF (STAFFID,STAFFTYPEID,STAFFFIRSTNAME,STAFFLASTNAME,STAFFNAME,STAFFADUSERNAME,GRADELEVEL,PRIMARYFACILITYID) values (140,1,'Witold','Dyszkiewicz','Witold Dyszkiewicz','WDyszkiewicz',null,5);
Insert into SCHOOLS_K12_DW.DIMSTAFF (STAFFID,STAFFTYPEID,STAFFFIRSTNAME,STAFFLASTNAME,STAFFNAME,STAFFADUSERNAME,GRADELEVEL,PRIMARYFACILITYID) values (141,1,'Andreas ','Dziegiel','Andreas  Dziegiel','ADziegiel',null,5);
Insert into SCHOOLS_K12_DW.DIMSTAFF (STAFFID,STAFFTYPEID,STAFFFIRSTNAME,STAFFLASTNAME,STAFFNAME,STAFFADUSERNAME,GRADELEVEL,PRIMARYFACILITYID) values (142,1,'Krittiya','Eamsiri','Krittiya Eamsiri','KEamsiri',null,5);
Insert into SCHOOLS_K12_DW.DIMSTAFF (STAFFID,STAFFTYPEID,STAFFFIRSTNAME,STAFFLASTNAME,STAFFNAME,STAFFADUSERNAME,GRADELEVEL,PRIMARYFACILITYID) values (143,1,'Terry','Earls','Terry Earls','TEarls',null,5);
Insert into SCHOOLS_K12_DW.DIMSTAFF (STAFFID,STAFFTYPEID,STAFFFIRSTNAME,STAFFLASTNAME,STAFFNAME,STAFFADUSERNAME,GRADELEVEL,PRIMARYFACILITYID) values (144,1,'Mads','Ebdrup','Mads Ebdrup','MEbdrup',null,5);
Insert into SCHOOLS_K12_DW.DIMSTAFF (STAFFID,STAFFTYPEID,STAFFFIRSTNAME,STAFFLASTNAME,STAFFNAME,STAFFADUSERNAME,GRADELEVEL,PRIMARYFACILITYID) values (145,1,'Josh','Edwards','Josh Edwards','JEdwards',null,5);
Insert into SCHOOLS_K12_DW.DIMSTAFF (STAFFID,STAFFTYPEID,STAFFFIRSTNAME,STAFFLASTNAME,STAFFNAME,STAFFADUSERNAME,GRADELEVEL,PRIMARYFACILITYID) values (146,1,'Alexander','Eggerer','Alexander Eggerer','AEggerer',null,5);
Insert into SCHOOLS_K12_DW.DIMSTAFF (STAFFID,STAFFTYPEID,STAFFFIRSTNAME,STAFFLASTNAME,STAFFNAME,STAFFADUSERNAME,GRADELEVEL,PRIMARYFACILITYID) values (147,1,'Vladimir','Egorov','Vladimir Egorov','VEgorov',null,5);
REM INSERTING into SCHOOLS_K12_DW.DIMSTANDARIZEDTESTDOMAIN
SET DEFINE OFF;
Insert into SCHOOLS_K12_DW.DIMSTANDARIZEDTESTDOMAIN (STANDARDIZEDTESTDOMAINID,STANDARDIZEDTESTDOMAIN,SUBJECTID) values (1,'Research',15);
Insert into SCHOOLS_K12_DW.DIMSTANDARIZEDTESTDOMAIN (STANDARDIZEDTESTDOMAINID,STANDARDIZEDTESTDOMAIN,SUBJECTID) values (2,'Research and Writing Process',15);
Insert into SCHOOLS_K12_DW.DIMSTANDARIZEDTESTDOMAIN (STANDARDIZEDTESTDOMAINID,STANDARDIZEDTESTDOMAIN,SUBJECTID) values (3,'Sentence Structure',18);
Insert into SCHOOLS_K12_DW.DIMSTANDARIZEDTESTDOMAIN (STANDARDIZEDTESTDOMAINID,STANDARDIZEDTESTDOMAIN,SUBJECTID) values (4,'Grammar/Phonics',18);
Insert into SCHOOLS_K12_DW.DIMSTANDARIZEDTESTDOMAIN (STANDARDIZEDTESTDOMAINID,STANDARDIZEDTESTDOMAIN,SUBJECTID) values (5,'Grammar and Sentence Construction',18);
Insert into SCHOOLS_K12_DW.DIMSTANDARIZEDTESTDOMAIN (STANDARDIZEDTESTDOMAINID,STANDARDIZEDTESTDOMAIN,SUBJECTID) values (6,'Grammar/Phonological Awareness/Phonics',18);
Insert into SCHOOLS_K12_DW.DIMSTANDARIZEDTESTDOMAIN (STANDARDIZEDTESTDOMAINID,STANDARDIZEDTESTDOMAIN,SUBJECTID) values (7,'Geometry',10);
Insert into SCHOOLS_K12_DW.DIMSTANDARIZEDTESTDOMAIN (STANDARDIZEDTESTDOMAINID,STANDARDIZEDTESTDOMAIN,SUBJECTID) values (8,'Algebra',10);
Insert into SCHOOLS_K12_DW.DIMSTANDARIZEDTESTDOMAIN (STANDARDIZEDTESTDOMAINID,STANDARDIZEDTESTDOMAIN,SUBJECTID) values (9,'Measurement ',10);
Insert into SCHOOLS_K12_DW.DIMSTANDARIZEDTESTDOMAIN (STANDARDIZEDTESTDOMAINID,STANDARDIZEDTESTDOMAIN,SUBJECTID) values (10,'Data Analysis and Probability',10);
Insert into SCHOOLS_K12_DW.DIMSTANDARIZEDTESTDOMAIN (STANDARDIZEDTESTDOMAINID,STANDARDIZEDTESTDOMAIN,SUBJECTID) values (11,'Number and Operations',10);
Insert into SCHOOLS_K12_DW.DIMSTANDARIZEDTESTDOMAIN (STANDARDIZEDTESTDOMAINID,STANDARDIZEDTESTDOMAIN,SUBJECTID) values (12,'Information and Media Literacy',18);
Insert into SCHOOLS_K12_DW.DIMSTANDARIZEDTESTDOMAIN (STANDARDIZEDTESTDOMAINID,STANDARDIZEDTESTDOMAIN,SUBJECTID) values (13,'Reading for Information',18);
Insert into SCHOOLS_K12_DW.DIMSTANDARIZEDTESTDOMAIN (STANDARDIZEDTESTDOMAINID,STANDARDIZEDTESTDOMAIN,SUBJECTID) values (14,'Reading Skills and Vocabulary Acquisition',18);
Insert into SCHOOLS_K12_DW.DIMSTANDARIZEDTESTDOMAIN (STANDARDIZEDTESTDOMAINID,STANDARDIZEDTESTDOMAIN,SUBJECTID) values (15,'Literary Comprehension',18);
Insert into SCHOOLS_K12_DW.DIMSTANDARIZEDTESTDOMAIN (STANDARDIZEDTESTDOMAINID,STANDARDIZEDTESTDOMAIN,SUBJECTID) values (16,'Vocabulary',18);
Insert into SCHOOLS_K12_DW.DIMSTANDARIZEDTESTDOMAIN (STANDARDIZEDTESTDOMAINID,STANDARDIZEDTESTDOMAIN,SUBJECTID) values (17,'Astronomy',14);
Insert into SCHOOLS_K12_DW.DIMSTANDARIZEDTESTDOMAIN (STANDARDIZEDTESTDOMAINID,STANDARDIZEDTESTDOMAIN,SUBJECTID) values (18,'Cells and Genetics',14);
Insert into SCHOOLS_K12_DW.DIMSTANDARIZEDTESTDOMAIN (STANDARDIZEDTESTDOMAINID,STANDARDIZEDTESTDOMAIN,SUBJECTID) values (19,'Life Science',14);
Insert into SCHOOLS_K12_DW.DIMSTANDARIZEDTESTDOMAIN (STANDARDIZEDTESTDOMAINID,STANDARDIZEDTESTDOMAIN,SUBJECTID) values (20,'Geology',14);
Insert into SCHOOLS_K12_DW.DIMSTANDARIZEDTESTDOMAIN (STANDARDIZEDTESTDOMAINID,STANDARDIZEDTESTDOMAIN,SUBJECTID) values (21,'Hydrology and Meteorology',14);
Insert into SCHOOLS_K12_DW.DIMSTANDARIZEDTESTDOMAIN (STANDARDIZEDTESTDOMAINID,STANDARDIZEDTESTDOMAIN,SUBJECTID) values (22,'Physical Science',14);
Insert into SCHOOLS_K12_DW.DIMSTANDARIZEDTESTDOMAIN (STANDARDIZEDTESTDOMAINID,STANDARDIZEDTESTDOMAIN,SUBJECTID) values (23,'Evolution',14);
Insert into SCHOOLS_K12_DW.DIMSTANDARIZEDTESTDOMAIN (STANDARDIZEDTESTDOMAINID,STANDARDIZEDTESTDOMAIN,SUBJECTID) values (24,'Earth Science',14);
Insert into SCHOOLS_K12_DW.DIMSTANDARIZEDTESTDOMAIN (STANDARDIZEDTESTDOMAINID,STANDARDIZEDTESTDOMAIN,SUBJECTID) values (25,'Interdependence of Life',14);
Insert into SCHOOLS_K12_DW.DIMSTANDARIZEDTESTDOMAIN (STANDARDIZEDTESTDOMAINID,STANDARDIZEDTESTDOMAIN,SUBJECTID) values (26,'History',15);
Insert into SCHOOLS_K12_DW.DIMSTANDARIZEDTESTDOMAIN (STANDARDIZEDTESTDOMAINID,STANDARDIZEDTESTDOMAIN,SUBJECTID) values (27,'Economics',15);
Insert into SCHOOLS_K12_DW.DIMSTANDARIZEDTESTDOMAIN (STANDARDIZEDTESTDOMAINID,STANDARDIZEDTESTDOMAIN,SUBJECTID) values (28,'Geography',15);
REM INSERTING into SCHOOLS_K12_DW.DIMSUBJECT
SET DEFINE OFF;
Insert into SCHOOLS_K12_DW.DIMSUBJECT (SUBJECTID,SUBJECTCODE,SUBJECTNAME) values (1,'HR','Homeroom');
Insert into SCHOOLS_K12_DW.DIMSUBJECT (SUBJECTID,SUBJECTCODE,SUBJECTNAME) values (2,'AG','American History/Govt');
Insert into SCHOOLS_K12_DW.DIMSUBJECT (SUBJECTID,SUBJECTCODE,SUBJECTNAME) values (3,'CE','Computers');
Insert into SCHOOLS_K12_DW.DIMSUBJECT (SUBJECTID,SUBJECTCODE,SUBJECTNAME) values (4,'EC','Economics');
Insert into SCHOOLS_K12_DW.DIMSUBJECT (SUBJECTID,SUBJECTCODE,SUBJECTNAME) values (5,'EL','Electives');
Insert into SCHOOLS_K12_DW.DIMSUBJECT (SUBJECTID,SUBJECTCODE,SUBJECTNAME) values (6,'EN','English');
Insert into SCHOOLS_K12_DW.DIMSUBJECT (SUBJECTID,SUBJECTCODE,SUBJECTNAME) values (7,'EX','Special');
Insert into SCHOOLS_K12_DW.DIMSUBJECT (SUBJECTID,SUBJECTCODE,SUBJECTNAME) values (8,'FL','Foreign Language');
Insert into SCHOOLS_K12_DW.DIMSUBJECT (SUBJECTID,SUBJECTCODE,SUBJECTNAME) values (9,'LA','Language Arts');
Insert into SCHOOLS_K12_DW.DIMSUBJECT (SUBJECTID,SUBJECTCODE,SUBJECTNAME) values (10,'MA','Math');
Insert into SCHOOLS_K12_DW.DIMSUBJECT (SUBJECTID,SUBJECTCODE,SUBJECTNAME) values (11,'NC','Non Credit');
Insert into SCHOOLS_K12_DW.DIMSUBJECT (SUBJECTID,SUBJECTCODE,SUBJECTNAME) values (12,'PE','Physical Education');
Insert into SCHOOLS_K12_DW.DIMSUBJECT (SUBJECTID,SUBJECTCODE,SUBJECTNAME) values (13,'PF','Performing Arts');
Insert into SCHOOLS_K12_DW.DIMSUBJECT (SUBJECTID,SUBJECTCODE,SUBJECTNAME) values (14,'SC','Science');
Insert into SCHOOLS_K12_DW.DIMSUBJECT (SUBJECTID,SUBJECTCODE,SUBJECTNAME) values (15,'SS','Social Studies');
Insert into SCHOOLS_K12_DW.DIMSUBJECT (SUBJECTID,SUBJECTCODE,SUBJECTNAME) values (16,'VO','Vocational');
Insert into SCHOOLS_K12_DW.DIMSUBJECT (SUBJECTID,SUBJECTCODE,SUBJECTNAME) values (17,'WH','World History');
Insert into SCHOOLS_K12_DW.DIMSUBJECT (SUBJECTID,SUBJECTCODE,SUBJECTNAME) values (18,'RE','Reading');
Insert into SCHOOLS_K12_DW.DIMSUBJECT (SUBJECTID,SUBJECTCODE,SUBJECTNAME) values (47,null,'Other');
REM INSERTING into SCHOOLS_K12_DW.DIMWITHDRAWALCODE
SET DEFINE OFF;
Insert into SCHOOLS_K12_DW.DIMWITHDRAWALCODE (WITHDRAWALCODEID,WITHDRAWALCODE,WITHDRAWALCODEDESC) values (1,'REG','Regular');
Insert into SCHOOLS_K12_DW.DIMWITHDRAWALCODE (WITHDRAWALCODEID,WITHDRAWALCODE,WITHDRAWALCODEDESC) values (107,'W05','OVER 16 VOL LEAVES/NO RETURN                      ');
Insert into SCHOOLS_K12_DW.DIMWITHDRAWALCODE (WITHDRAWALCODEID,WITHDRAWALCODE,WITHDRAWALCODEDESC) values (108,'W06','GRADUATES HS/STANDARD DIPLOMA                     ');
Insert into SCHOOLS_K12_DW.DIMWITHDRAWALCODE (WITHDRAWALCODEID,WITHDRAWALCODE,WITHDRAWALCODEDESC) values (109,'W07','GRADUATE/SPEC DIPL/ESE-OPT 1                      ');
Insert into SCHOOLS_K12_DW.DIMWITHDRAWALCODE (WITHDRAWALCODEID,WITHDRAWALCODE,WITHDRAWALCODEDESC) values (110,'W08','CERTIFICATE OF COMPLETION                         ');
Insert into SCHOOLS_K12_DW.DIMWITHDRAWALCODE (WITHDRAWALCODEID,WITHDRAWALCODE,WITHDRAWALCODEDESC) values (111,'W09','SPECIAL CERTIFICATE COMPLETION                    ');
Insert into SCHOOLS_K12_DW.DIMWITHDRAWALCODE (WITHDRAWALCODEID,WITHDRAWALCODE,WITHDRAWALCODEDESC) values (112,'W10','GED EXIT OPT/PASS HSCT OR FCAT                    ');
Insert into SCHOOLS_K12_DW.DIMWITHDRAWALCODE (WITHDRAWALCODEID,WITHDRAWALCODE,WITHDRAWALCODEDESC) values (113,'W11','WITHDRAWN  DUE TO HARDSHIP                        ');
Insert into SCHOOLS_K12_DW.DIMWITHDRAWALCODE (WITHDRAWALCODEID,WITHDRAWALCODE,WITHDRAWALCODEDESC) values (114,'W12','WITHDRAWN DUE TO DEATH                            ');
Insert into SCHOOLS_K12_DW.DIMWITHDRAWALCODE (WITHDRAWALCODEID,WITHDRAWALCODE,WITHDRAWALCODEDESC) values (115,'W13','WITHDRAWN DUE TO COURT ACTION                     ');
Insert into SCHOOLS_K12_DW.DIMWITHDRAWALCODE (WITHDRAWALCODEID,WITHDRAWALCODE,WITHDRAWALCODEDESC) values (116,'W14','WITHDRAWS TO ENTER MILITARY                       ');
Insert into SCHOOLS_K12_DW.DIMWITHDRAWALCODE (WITHDRAWALCODEID,WITHDRAWALCODE,WITHDRAWALCODEDESC) values (117,'W15','WITHDRAWN DUE TO NONATTENDANCE                    ');
Insert into SCHOOLS_K12_DW.DIMWITHDRAWALCODE (WITHDRAWALCODEID,WITHDRAWALCODE,WITHDRAWALCODEDESC) values (118,'W16','WITHDRAWS TO GET MARRIED                          ');
Insert into SCHOOLS_K12_DW.DIMWITHDRAWALCODE (WITHDRAWALCODEID,WITHDRAWALCODE,WITHDRAWALCODEDESC) values (119,'W17','WITHDRAWS DUE TO PREGNANCY                        ');
Insert into SCHOOLS_K12_DW.DIMWITHDRAWALCODE (WITHDRAWALCODEID,WITHDRAWALCODE,WITHDRAWALCODEDESC) values (120,'W18','WITHDRAWS DUE MEDICAL REASONS                     ');
Insert into SCHOOLS_K12_DW.DIMWITHDRAWALCODE (WITHDRAWALCODEID,WITHDRAWALCODE,WITHDRAWALCODEDESC) values (121,'W19','ESE/SPECIAL ED THRU AGE 21                        ');
Insert into SCHOOLS_K12_DW.DIMWITHDRAWALCODE (WITHDRAWALCODEID,WITHDRAWALCODE,WITHDRAWALCODEDESC) values (122,'W20','WD/FAIL HSCT/NO CERT OF COMPL                     ');
Insert into SCHOOLS_K12_DW.DIMWITHDRAWALCODE (WITHDRAWALCODEID,WITHDRAWALCODE,WITHDRAWALCODEDESC) values (123,'W21','WITHDRAWN DUE TO EXPELLING                        ');
Insert into SCHOOLS_K12_DW.DIMWITHDRAWALCODE (WITHDRAWALCODEID,WITHDRAWALCODE,WITHDRAWALCODEDESC) values (124,'W22','WHEREABOUTS UNKNOWN                         ');
Insert into SCHOOLS_K12_DW.DIMWITHDRAWALCODE (WITHDRAWALCODEID,WITHDRAWALCODE,WITHDRAWALCODEDESC) values (144,'W3B','WITHDRAW TO ANOTHER STATE                         ');
Insert into SCHOOLS_K12_DW.DIMWITHDRAWALCODE (WITHDRAWALCODEID,WITHDRAWALCODE,WITHDRAWALCODEDESC) values (147,'W42','ADULT STUDENT/EXPELLED                            ');
Insert into SCHOOLS_K12_DW.DIMWITHDRAWALCODE (WITHDRAWALCODEID,WITHDRAWALCODE,WITHDRAWALCODEDESC) values (148,'W43','AE GRAD/STANDARD DIPLOMA                          ');
Insert into SCHOOLS_K12_DW.DIMWITHDRAWALCODE (WITHDRAWALCODEID,WITHDRAWALCODE,WITHDRAWALCODEDESC) values (149,'W44','ADULT/CERTIFICATE COMPLETION                      ');
Insert into SCHOOLS_K12_DW.DIMWITHDRAWALCODE (WITHDRAWALCODEID,WITHDRAWALCODE,WITHDRAWALCODEDESC) values (150,'W45','ADULT/GED                                         ');
Insert into SCHOOLS_K12_DW.DIMWITHDRAWALCODE (WITHDRAWALCODEID,WITHDRAWALCODE,WITHDRAWALCODEDESC) values (151,'W46','AE WD DUE TO CLASS LOCATION                       ');
Insert into SCHOOLS_K12_DW.DIMWITHDRAWALCODE (WITHDRAWALCODEID,WITHDRAWALCODE,WITHDRAWALCODEDESC) values (152,'W47','AE/END OF YEAR WD                                 ');
Insert into SCHOOLS_K12_DW.DIMWITHDRAWALCODE (WITHDRAWALCODEID,WITHDRAWALCODE,WITHDRAWALCODEDESC) values (153,'W48','TRANSFER OUT/IN DISTRICT');
Insert into SCHOOLS_K12_DW.DIMWITHDRAWALCODE (WITHDRAWALCODEID,WITHDRAWALCODE,WITHDRAWALCODEDESC) values (154,'W49','AE LEFT THE AREA                                  ');
Insert into SCHOOLS_K12_DW.DIMWITHDRAWALCODE (WITHDRAWALCODEID,WITHDRAWALCODE,WITHDRAWALCODEDESC) values (155,'W50','AE WD DUE TO DEATH                                ');
Insert into SCHOOLS_K12_DW.DIMWITHDRAWALCODE (WITHDRAWALCODEID,WITHDRAWALCODE,WITHDRAWALCODEDESC) values (156,'W51','9-12/COMPLETED COURSE                             ');
Insert into SCHOOLS_K12_DW.DIMWITHDRAWALCODE (WITHDRAWALCODEID,WITHDRAWALCODE,WITHDRAWALCODEDESC) values (164,'WFT','STAND DIPL/ALT ASSESSMENT                         ');
Insert into SCHOOLS_K12_DW.DIMWITHDRAWALCODE (WITHDRAWALCODEID,WITHDRAWALCODE,WITHDRAWALCODEDESC) values (165,'WFW','W/D GRAD W/STAN DIP-FCA WAIVER                    ');
Insert into SCHOOLS_K12_DW.DIMWITHDRAWALCODE (WITHDRAWALCODEID,WITHDRAWALCODE,WITHDRAWALCODEDESC) values (166,'WGA','GED EXIT OPT/GED TEST/ALT.ASST                    ');
Insert into SCHOOLS_K12_DW.DIMWITHDRAWALCODE (WITHDRAWALCODEID,WITHDRAWALCODE,WITHDRAWALCODEDESC) values (167,'WGD','GED EXIT OPT/PASS GED/FAIL TST                    ');
Insert into SCHOOLS_K12_DW.DIMWITHDRAWALCODE (WITHDRAWALCODEID,WITHDRAWALCODE,WITHDRAWALCODEDESC) values (168,'WPO','''W/D SUB TO W08;ESE-W07');
Insert into SCHOOLS_K12_DW.DIMWITHDRAWALCODE (WITHDRAWALCODEID,WITHDRAWALCODE,WITHDRAWALCODEDESC) values (169,'ZZZ','NOT APPLICABLE                                    ');
--------------------------------------------------------
--  DDL for Index DIMENROLLMENTCODE_PK
--------------------------------------------------------

  CREATE UNIQUE INDEX "SCHOOLS_K12_DW"."DIMENROLLMENTCODE_PK" ON "SCHOOLS_K12_DW"."DIMENROLLMENTCODE" ("ENROLLMENTCODEID") 
  PCTFREE 10 INITRANS 2 MAXTRANS 255 
  STORAGE(INITIAL 65536 NEXT 1048576 MINEXTENTS 1 MAXEXTENTS 2147483645
  PCTINCREASE 0 FREELISTS 1 FREELIST GROUPS 1
  BUFFER_POOL DEFAULT FLASH_CACHE DEFAULT CELL_FLASH_CACHE DEFAULT)
  TABLESPACE "USERS" ;
--------------------------------------------------------
--  DDL for Index DIMPERIOD_PK
--------------------------------------------------------

  CREATE UNIQUE INDEX "SCHOOLS_K12_DW"."DIMPERIOD_PK" ON "SCHOOLS_K12_DW"."DIMPERIOD" ("PERIODID") 
  PCTFREE 10 INITRANS 2 MAXTRANS 255 
  STORAGE(INITIAL 65536 NEXT 1048576 MINEXTENTS 1 MAXEXTENTS 2147483645
  PCTINCREASE 0 FREELISTS 1 FREELIST GROUPS 1
  BUFFER_POOL DEFAULT FLASH_CACHE DEFAULT CELL_FLASH_CACHE DEFAULT)
  TABLESPACE "USERS" ;
--------------------------------------------------------
--  DDL for Index DIMABSENCECODE_PK
--------------------------------------------------------

  CREATE UNIQUE INDEX "SCHOOLS_K12_DW"."DIMABSENCECODE_PK" ON "SCHOOLS_K12_DW"."DIMABSENCECODE" ("ABSENCECODEID") 
  PCTFREE 10 INITRANS 2 MAXTRANS 255 
  STORAGE(INITIAL 65536 NEXT 1048576 MINEXTENTS 1 MAXEXTENTS 2147483645
  PCTINCREASE 0 FREELISTS 1 FREELIST GROUPS 1
  BUFFER_POOL DEFAULT FLASH_CACHE DEFAULT CELL_FLASH_CACHE DEFAULT)
  TABLESPACE "USERS" ;
--------------------------------------------------------
--  DDL for Index DIMFACILITY_PK
--------------------------------------------------------

  CREATE UNIQUE INDEX "SCHOOLS_K12_DW"."DIMFACILITY_PK" ON "SCHOOLS_K12_DW"."DIMFACILITY" ("FACILITYID") 
  PCTFREE 10 INITRANS 2 MAXTRANS 255 COMPUTE STATISTICS 
  STORAGE(INITIAL 65536 NEXT 1048576 MINEXTENTS 1 MAXEXTENTS 2147483645
  PCTINCREASE 0 FREELISTS 1 FREELIST GROUPS 1
  BUFFER_POOL DEFAULT FLASH_CACHE DEFAULT CELL_FLASH_CACHE DEFAULT)
  TABLESPACE "USERS" ;
--------------------------------------------------------
--  DDL for Index DIMASSIGNMENGT_PK
--------------------------------------------------------

  CREATE UNIQUE INDEX "SCHOOLS_K12_DW"."DIMASSIGNMENGT_PK" ON "SCHOOLS_K12_DW"."DIMASSIGNMENGT" ("ASSIGNMENTID") 
  PCTFREE 10 INITRANS 2 MAXTRANS 255 
  STORAGE(INITIAL 65536 NEXT 1048576 MINEXTENTS 1 MAXEXTENTS 2147483645
  PCTINCREASE 0 FREELISTS 1 FREELIST GROUPS 1
  BUFFER_POOL DEFAULT FLASH_CACHE DEFAULT CELL_FLASH_CACHE DEFAULT)
  TABLESPACE "USERS" ;
--------------------------------------------------------
--  DDL for Index DIMSTANDARIZEDTESTDOMAIN_PK
--------------------------------------------------------

  CREATE UNIQUE INDEX "SCHOOLS_K12_DW"."DIMSTANDARIZEDTESTDOMAIN_PK" ON "SCHOOLS_K12_DW"."DIMSTANDARIZEDTESTDOMAIN" ("STANDARDIZEDTESTDOMAINID") 
  PCTFREE 10 INITRANS 2 MAXTRANS 255 COMPUTE STATISTICS 
  STORAGE(INITIAL 65536 NEXT 1048576 MINEXTENTS 1 MAXEXTENTS 2147483645
  PCTINCREASE 0 FREELISTS 1 FREELIST GROUPS 1
  BUFFER_POOL DEFAULT FLASH_CACHE DEFAULT CELL_FLASH_CACHE DEFAULT)
  TABLESPACE "USERS" ;
--------------------------------------------------------
--  DDL for Index DIMCOURSE_PK
--------------------------------------------------------

  CREATE UNIQUE INDEX "SCHOOLS_K12_DW"."DIMCOURSE_PK" ON "SCHOOLS_K12_DW"."DIMCOURSE" ("COURSEID") 
  PCTFREE 10 INITRANS 2 MAXTRANS 255 
  TABLESPACE "USERS" ;
--------------------------------------------------------
--  DDL for Index DIMDISCIPLINEACTIONCODE_PK
--------------------------------------------------------

  CREATE UNIQUE INDEX "SCHOOLS_K12_DW"."DIMDISCIPLINEACTIONCODE_PK" ON "SCHOOLS_K12_DW"."DIMDISCIPLINEACTIONCODE" ("DISCIPLINEACTIONCODEID") 
  PCTFREE 10 INITRANS 2 MAXTRANS 255 
  STORAGE(INITIAL 65536 NEXT 1048576 MINEXTENTS 1 MAXEXTENTS 2147483645
  PCTINCREASE 0 FREELISTS 1 FREELIST GROUPS 1
  BUFFER_POOL DEFAULT FLASH_CACHE DEFAULT CELL_FLASH_CACHE DEFAULT)
  TABLESPACE "USERS" ;
--------------------------------------------------------
--  DDL for Index DIMSTAFF_PK
--------------------------------------------------------

  CREATE UNIQUE INDEX "SCHOOLS_K12_DW"."DIMSTAFF_PK" ON "SCHOOLS_K12_DW"."DIMSTAFF" ("STAFFID") 
  PCTFREE 10 INITRANS 2 MAXTRANS 255 
  STORAGE(INITIAL 65536 NEXT 1048576 MINEXTENTS 1 MAXEXTENTS 2147483645
  PCTINCREASE 0 FREELISTS 1 FREELIST GROUPS 1
  BUFFER_POOL DEFAULT FLASH_CACHE DEFAULT CELL_FLASH_CACHE DEFAULT)
  TABLESPACE "USERS" ;
--------------------------------------------------------
--  DDL for Index DIMWITHDRAWALCODE_PK
--------------------------------------------------------

  CREATE UNIQUE INDEX "SCHOOLS_K12_DW"."DIMWITHDRAWALCODE_PK" ON "SCHOOLS_K12_DW"."DIMWITHDRAWALCODE" ("WITHDRAWALCODEID") 
  PCTFREE 10 INITRANS 2 MAXTRANS 255 COMPUTE STATISTICS 
  STORAGE(INITIAL 65536 NEXT 1048576 MINEXTENTS 1 MAXEXTENTS 2147483645
  PCTINCREASE 0 FREELISTS 1 FREELIST GROUPS 1
  BUFFER_POOL DEFAULT FLASH_CACHE DEFAULT CELL_FLASH_CACHE DEFAULT)
  TABLESPACE "USERS" ;
--------------------------------------------------------
--  DDL for Index DIMHSGTDOMAIN_PK
--------------------------------------------------------

  CREATE UNIQUE INDEX "SCHOOLS_K12_DW"."DIMHSGTDOMAIN_PK" ON "SCHOOLS_K12_DW"."DIMHSGTDOMAIN" ("HSGTDOMAINID") 
  PCTFREE 10 INITRANS 2 MAXTRANS 255 COMPUTE STATISTICS 
  STORAGE(INITIAL 65536 NEXT 1048576 MINEXTENTS 1 MAXEXTENTS 2147483645
  PCTINCREASE 0 FREELISTS 1 FREELIST GROUPS 1
  BUFFER_POOL DEFAULT FLASH_CACHE DEFAULT CELL_FLASH_CACHE DEFAULT)
  TABLESPACE "USERS" ;
--------------------------------------------------------
--  DDL for Index DIMGRADETYPE_PK
--------------------------------------------------------

  CREATE UNIQUE INDEX "SCHOOLS_K12_DW"."DIMGRADETYPE_PK" ON "SCHOOLS_K12_DW"."DIMGRADETYPE" ("GRADETYPEID") 
  PCTFREE 10 INITRANS 2 MAXTRANS 255 COMPUTE STATISTICS 
  STORAGE(INITIAL 65536 NEXT 1048576 MINEXTENTS 1 MAXEXTENTS 2147483645
  PCTINCREASE 0 FREELISTS 1 FREELIST GROUPS 1
  BUFFER_POOL DEFAULT FLASH_CACHE DEFAULT CELL_FLASH_CACHE DEFAULT)
  TABLESPACE "USERS" ;
--------------------------------------------------------
--  DDL for Index DIMDISCIPLINEEVENTCODE_PK
--------------------------------------------------------

  CREATE UNIQUE INDEX "SCHOOLS_K12_DW"."DIMDISCIPLINEEVENTCODE_PK" ON "SCHOOLS_K12_DW"."DIMDISCIPLINEEVENTCODE" ("DISCIPLINEEVENTCODEID") 
  PCTFREE 10 INITRANS 2 MAXTRANS 255 
  STORAGE(INITIAL 65536 NEXT 1048576 MINEXTENTS 1 MAXEXTENTS 2147483645
  PCTINCREASE 0 FREELISTS 1 FREELIST GROUPS 1
  BUFFER_POOL DEFAULT FLASH_CACHE DEFAULT CELL_FLASH_CACHE DEFAULT)
  TABLESPACE "USERS" ;
--------------------------------------------------------
--  DDL for Index DIMSPECIALPROGRAM_PK
--------------------------------------------------------

  CREATE UNIQUE INDEX "SCHOOLS_K12_DW"."DIMSPECIALPROGRAM_PK" ON "SCHOOLS_K12_DW"."DIMSPECIALPROGRAM" ("PROGRAMID") 
  PCTFREE 10 INITRANS 2 MAXTRANS 255 
  STORAGE(INITIAL 65536 NEXT 1048576 MINEXTENTS 1 MAXEXTENTS 2147483645
  PCTINCREASE 0 FREELISTS 1 FREELIST GROUPS 1
  BUFFER_POOL DEFAULT FLASH_CACHE DEFAULT CELL_FLASH_CACHE DEFAULT)
  TABLESPACE "USERS" ;
--------------------------------------------------------
--  DDL for Index DIMSUBJECT_PK
--------------------------------------------------------

  CREATE UNIQUE INDEX "SCHOOLS_K12_DW"."DIMSUBJECT_PK" ON "SCHOOLS_K12_DW"."DIMSUBJECT" ("SUBJECTID") 
  PCTFREE 10 INITRANS 2 MAXTRANS 255 COMPUTE STATISTICS 
  STORAGE(INITIAL 65536 NEXT 1048576 MINEXTENTS 1 MAXEXTENTS 2147483645
  PCTINCREASE 0 FREELISTS 1 FREELIST GROUPS 1
  BUFFER_POOL DEFAULT FLASH_CACHE DEFAULT CELL_FLASH_CACHE DEFAULT)
  TABLESPACE "USERS" ;
--------------------------------------------------------
--  Constraints for Table DIMASSIGNMENGT
--------------------------------------------------------

  ALTER TABLE "SCHOOLS_K12_DW"."DIMASSIGNMENGT" ADD CONSTRAINT "DIMASSIGNMENGT_PK" PRIMARY KEY ("ASSIGNMENTID")
  USING INDEX PCTFREE 10 INITRANS 2 MAXTRANS 255 
  STORAGE(INITIAL 65536 NEXT 1048576 MINEXTENTS 1 MAXEXTENTS 2147483645
  PCTINCREASE 0 FREELISTS 1 FREELIST GROUPS 1
  BUFFER_POOL DEFAULT FLASH_CACHE DEFAULT CELL_FLASH_CACHE DEFAULT)
  TABLESPACE "USERS"  ENABLE;
  ALTER TABLE "SCHOOLS_K12_DW"."DIMASSIGNMENGT" MODIFY ("ASSIGNMENTID" NOT NULL ENABLE);
--------------------------------------------------------
--  Constraints for Table DIMDISCIPLINEACTIONCODE
--------------------------------------------------------

  ALTER TABLE "SCHOOLS_K12_DW"."DIMDISCIPLINEACTIONCODE" ADD CONSTRAINT "DIMDISCIPLINEACTIONCODE_PK" PRIMARY KEY ("DISCIPLINEACTIONCODEID")
  USING INDEX PCTFREE 10 INITRANS 2 MAXTRANS 255 
  STORAGE(INITIAL 65536 NEXT 1048576 MINEXTENTS 1 MAXEXTENTS 2147483645
  PCTINCREASE 0 FREELISTS 1 FREELIST GROUPS 1
  BUFFER_POOL DEFAULT FLASH_CACHE DEFAULT CELL_FLASH_CACHE DEFAULT)
  TABLESPACE "USERS"  ENABLE;
  ALTER TABLE "SCHOOLS_K12_DW"."DIMDISCIPLINEACTIONCODE" MODIFY ("DISCIPLINEACTIONCODEID" NOT NULL ENABLE);
--------------------------------------------------------
--  Constraints for Table DIMDATE
--------------------------------------------------------

  ALTER TABLE "SCHOOLS_K12_DW"."DIMDATE" MODIFY ("SCHOOLNINEWEEKS" NOT NULL ENABLE);
  ALTER TABLE "SCHOOLS_K12_DW"."DIMDATE" MODIFY ("SCHOOLHALFYEAROFYEARNAME" NOT NULL ENABLE);
  ALTER TABLE "SCHOOLS_K12_DW"."DIMDATE" MODIFY ("SCHOOLQUARTEROFHALFYEARNAME" NOT NULL ENABLE);
  ALTER TABLE "SCHOOLS_K12_DW"."DIMDATE" MODIFY ("SCHOOLQUARTEROFYEARNAME" NOT NULL ENABLE);
  ALTER TABLE "SCHOOLS_K12_DW"."DIMDATE" MODIFY ("SCHOOLMONTHOFQUARTERNAME" NOT NULL ENABLE);
  ALTER TABLE "SCHOOLS_K12_DW"."DIMDATE" MODIFY ("SCHOOLMONTHOFQUARTER" NOT NULL ENABLE);
  ALTER TABLE "SCHOOLS_K12_DW"."DIMDATE" MODIFY ("SCHOOLMONTHOFHALFYEARNAME" NOT NULL ENABLE);
  ALTER TABLE "SCHOOLS_K12_DW"."DIMDATE" MODIFY ("SCHOOLMONTHOFHALFYEAR" NOT NULL ENABLE);
  ALTER TABLE "SCHOOLS_K12_DW"."DIMDATE" MODIFY ("SCHOOLMONTHOFYEARNAME" NOT NULL ENABLE);
  ALTER TABLE "SCHOOLS_K12_DW"."DIMDATE" MODIFY ("SCHOOLWEEKOFYEARNAME" NOT NULL ENABLE);
  ALTER TABLE "SCHOOLS_K12_DW"."DIMDATE" MODIFY ("SCHOOLDAYOFWEEKNAME" NOT NULL ENABLE);
  ALTER TABLE "SCHOOLS_K12_DW"."DIMDATE" MODIFY ("SCHOOLDAYOFMONTHNAME" NOT NULL ENABLE);
  ALTER TABLE "SCHOOLS_K12_DW"."DIMDATE" MODIFY ("SCHOOLDAYOFQUARTERNAME" NOT NULL ENABLE);
  ALTER TABLE "SCHOOLS_K12_DW"."DIMDATE" MODIFY ("SCHOOLDAYOFHALFYEARNAME" NOT NULL ENABLE);
  ALTER TABLE "SCHOOLS_K12_DW"."DIMDATE" MODIFY ("SCHOOLDAYOFYEARNAME" NOT NULL ENABLE);
  ALTER TABLE "SCHOOLS_K12_DW"."DIMDATE" MODIFY ("SCHOOLDAYNAME" NOT NULL ENABLE);
  ALTER TABLE "SCHOOLS_K12_DW"."DIMDATE" MODIFY ("SCHOOLDATE" NOT NULL ENABLE);
  ALTER TABLE "SCHOOLS_K12_DW"."DIMDATE" MODIFY ("SCHOOLWEEKNAME" NOT NULL ENABLE);
  ALTER TABLE "SCHOOLS_K12_DW"."DIMDATE" MODIFY ("SCHOOLMONTHNAME" NOT NULL ENABLE);
  ALTER TABLE "SCHOOLS_K12_DW"."DIMDATE" MODIFY ("SCHOOLQUARTERNAME" NOT NULL ENABLE);
  ALTER TABLE "SCHOOLS_K12_DW"."DIMDATE" MODIFY ("SCHOOLHALFYEARNAME" NOT NULL ENABLE);
  ALTER TABLE "SCHOOLS_K12_DW"."DIMDATE" MODIFY ("SCHOOLYEARNAME" NOT NULL ENABLE);
  ALTER TABLE "SCHOOLS_K12_DW"."DIMDATE" MODIFY ("HALFYEAROFYEARNAME" NOT NULL ENABLE);
  ALTER TABLE "SCHOOLS_K12_DW"."DIMDATE" MODIFY ("QUARTEROFHALFYEARNAME" NOT NULL ENABLE);
  ALTER TABLE "SCHOOLS_K12_DW"."DIMDATE" MODIFY ("QUARTEROFYEARNAME" NOT NULL ENABLE);
  ALTER TABLE "SCHOOLS_K12_DW"."DIMDATE" MODIFY ("MONTHOFQUARTERNAME" NOT NULL ENABLE);
  ALTER TABLE "SCHOOLS_K12_DW"."DIMDATE" MODIFY ("MONTHOFHALFYEARNAME" NOT NULL ENABLE);
  ALTER TABLE "SCHOOLS_K12_DW"."DIMDATE" MODIFY ("MONTHOFYEARNAME" NOT NULL ENABLE);
  ALTER TABLE "SCHOOLS_K12_DW"."DIMDATE" MODIFY ("WEEKOFYEARNAME" NOT NULL ENABLE);
  ALTER TABLE "SCHOOLS_K12_DW"."DIMDATE" MODIFY ("DAYOFWEEKNAME" NOT NULL ENABLE);
  ALTER TABLE "SCHOOLS_K12_DW"."DIMDATE" MODIFY ("DAYOFMONTHNAME" NOT NULL ENABLE);
  ALTER TABLE "SCHOOLS_K12_DW"."DIMDATE" MODIFY ("DAYOFQUARTERNAME" NOT NULL ENABLE);
  ALTER TABLE "SCHOOLS_K12_DW"."DIMDATE" MODIFY ("DAYOFHALFYEARNAME" NOT NULL ENABLE);
  ALTER TABLE "SCHOOLS_K12_DW"."DIMDATE" MODIFY ("DAYOFYEARNAME" NOT NULL ENABLE);
  ALTER TABLE "SCHOOLS_K12_DW"."DIMDATE" MODIFY ("WEEKNAME" NOT NULL ENABLE);
  ALTER TABLE "SCHOOLS_K12_DW"."DIMDATE" MODIFY ("MONTHNAME" NOT NULL ENABLE);
  ALTER TABLE "SCHOOLS_K12_DW"."DIMDATE" MODIFY ("QUARTERNAME" NOT NULL ENABLE);
  ALTER TABLE "SCHOOLS_K12_DW"."DIMDATE" MODIFY ("HALFYEARNAME" NOT NULL ENABLE);
  ALTER TABLE "SCHOOLS_K12_DW"."DIMDATE" MODIFY ("YEARNAME" NOT NULL ENABLE);
  ALTER TABLE "SCHOOLS_K12_DW"."DIMDATE" MODIFY ("DATENAME" NOT NULL ENABLE);
--------------------------------------------------------
--  Constraints for Table DIMSUBJECT
--------------------------------------------------------

  ALTER TABLE "SCHOOLS_K12_DW"."DIMSUBJECT" ADD CONSTRAINT "DIMSUBJECT_PK" PRIMARY KEY ("SUBJECTID")
  USING INDEX PCTFREE 10 INITRANS 2 MAXTRANS 255 COMPUTE STATISTICS 
  STORAGE(INITIAL 65536 NEXT 1048576 MINEXTENTS 1 MAXEXTENTS 2147483645
  PCTINCREASE 0 FREELISTS 1 FREELIST GROUPS 1
  BUFFER_POOL DEFAULT FLASH_CACHE DEFAULT CELL_FLASH_CACHE DEFAULT)
  TABLESPACE "USERS"  ENABLE;
  ALTER TABLE "SCHOOLS_K12_DW"."DIMSUBJECT" MODIFY ("SUBJECTNAME" NOT NULL ENABLE);
  ALTER TABLE "SCHOOLS_K12_DW"."DIMSUBJECT" MODIFY ("SUBJECTID" NOT NULL ENABLE);
--------------------------------------------------------
--  Constraints for Table DIMPERIOD
--------------------------------------------------------

  ALTER TABLE "SCHOOLS_K12_DW"."DIMPERIOD" ADD CONSTRAINT "DIMPERIOD_PK" PRIMARY KEY ("PERIODID")
  USING INDEX PCTFREE 10 INITRANS 2 MAXTRANS 255 
  STORAGE(INITIAL 65536 NEXT 1048576 MINEXTENTS 1 MAXEXTENTS 2147483645
  PCTINCREASE 0 FREELISTS 1 FREELIST GROUPS 1
  BUFFER_POOL DEFAULT FLASH_CACHE DEFAULT CELL_FLASH_CACHE DEFAULT)
  TABLESPACE "USERS"  ENABLE;
  ALTER TABLE "SCHOOLS_K12_DW"."DIMPERIOD" MODIFY ("PERIODID" NOT NULL ENABLE);
--------------------------------------------------------
--  Constraints for Table DIMFACILITY
--------------------------------------------------------

  ALTER TABLE "SCHOOLS_K12_DW"."DIMFACILITY" ADD CONSTRAINT "DIMFACILITY_PK" PRIMARY KEY ("FACILITYID")
  USING INDEX PCTFREE 10 INITRANS 2 MAXTRANS 255 COMPUTE STATISTICS 
  STORAGE(INITIAL 65536 NEXT 1048576 MINEXTENTS 1 MAXEXTENTS 2147483645
  PCTINCREASE 0 FREELISTS 1 FREELIST GROUPS 1
  BUFFER_POOL DEFAULT FLASH_CACHE DEFAULT CELL_FLASH_CACHE DEFAULT)
  TABLESPACE "USERS"  ENABLE;
  ALTER TABLE "SCHOOLS_K12_DW"."DIMFACILITY" MODIFY ("FACILITYID" NOT NULL ENABLE);
--------------------------------------------------------
--  Constraints for Table DIMSPECIALPROGRAM
--------------------------------------------------------

  ALTER TABLE "SCHOOLS_K12_DW"."DIMSPECIALPROGRAM" ADD CONSTRAINT "DIMSPECIALPROGRAM_PK" PRIMARY KEY ("PROGRAMID")
  USING INDEX PCTFREE 10 INITRANS 2 MAXTRANS 255 
  STORAGE(INITIAL 65536 NEXT 1048576 MINEXTENTS 1 MAXEXTENTS 2147483645
  PCTINCREASE 0 FREELISTS 1 FREELIST GROUPS 1
  BUFFER_POOL DEFAULT FLASH_CACHE DEFAULT CELL_FLASH_CACHE DEFAULT)
  TABLESPACE "USERS"  ENABLE;
  ALTER TABLE "SCHOOLS_K12_DW"."DIMSPECIALPROGRAM" MODIFY ("PROGRAMID" NOT NULL ENABLE);
--------------------------------------------------------
--  Constraints for Table DIMSTANDARIZEDTESTDOMAIN
--------------------------------------------------------

  ALTER TABLE "SCHOOLS_K12_DW"."DIMSTANDARIZEDTESTDOMAIN" ADD CONSTRAINT "DIMSTANDARIZEDTESTDOMAIN_PK" PRIMARY KEY ("STANDARDIZEDTESTDOMAINID")
  USING INDEX PCTFREE 10 INITRANS 2 MAXTRANS 255 COMPUTE STATISTICS 
  STORAGE(INITIAL 65536 NEXT 1048576 MINEXTENTS 1 MAXEXTENTS 2147483645
  PCTINCREASE 0 FREELISTS 1 FREELIST GROUPS 1
  BUFFER_POOL DEFAULT FLASH_CACHE DEFAULT CELL_FLASH_CACHE DEFAULT)
  TABLESPACE "USERS"  ENABLE;
  ALTER TABLE "SCHOOLS_K12_DW"."DIMSTANDARIZEDTESTDOMAIN" MODIFY ("SUBJECTID" NOT NULL ENABLE);
  ALTER TABLE "SCHOOLS_K12_DW"."DIMSTANDARIZEDTESTDOMAIN" MODIFY ("STANDARDIZEDTESTDOMAINID" NOT NULL ENABLE);
--------------------------------------------------------
--  Constraints for Table DIMGRADETYPE
--------------------------------------------------------

  ALTER TABLE "SCHOOLS_K12_DW"."DIMGRADETYPE" ADD CONSTRAINT "DIMGRADETYPE_PK" PRIMARY KEY ("GRADETYPEID")
  USING INDEX PCTFREE 10 INITRANS 2 MAXTRANS 255 COMPUTE STATISTICS 
  STORAGE(INITIAL 65536 NEXT 1048576 MINEXTENTS 1 MAXEXTENTS 2147483645
  PCTINCREASE 0 FREELISTS 1 FREELIST GROUPS 1
  BUFFER_POOL DEFAULT FLASH_CACHE DEFAULT CELL_FLASH_CACHE DEFAULT)
  TABLESPACE "USERS"  ENABLE;
  ALTER TABLE "SCHOOLS_K12_DW"."DIMGRADETYPE" MODIFY ("GRADETYPEID" NOT NULL ENABLE);
--------------------------------------------------------
--  Constraints for Table DIMENROLLMENTCODE
--------------------------------------------------------

  ALTER TABLE "SCHOOLS_K12_DW"."DIMENROLLMENTCODE" ADD CONSTRAINT "DIMENROLLMENTCODE_PK" PRIMARY KEY ("ENROLLMENTCODEID")
  USING INDEX PCTFREE 10 INITRANS 2 MAXTRANS 255 
  STORAGE(INITIAL 65536 NEXT 1048576 MINEXTENTS 1 MAXEXTENTS 2147483645
  PCTINCREASE 0 FREELISTS 1 FREELIST GROUPS 1
  BUFFER_POOL DEFAULT FLASH_CACHE DEFAULT CELL_FLASH_CACHE DEFAULT)
  TABLESPACE "USERS"  ENABLE;
  ALTER TABLE "SCHOOLS_K12_DW"."DIMENROLLMENTCODE" MODIFY ("ENROLLMENTCODEID" NOT NULL ENABLE);
--------------------------------------------------------
--  Constraints for Table DIMHSGTDOMAIN
--------------------------------------------------------

  ALTER TABLE "SCHOOLS_K12_DW"."DIMHSGTDOMAIN" ADD CONSTRAINT "DIMHSGTDOMAIN_PK" PRIMARY KEY ("HSGTDOMAINID")
  USING INDEX PCTFREE 10 INITRANS 2 MAXTRANS 255 COMPUTE STATISTICS 
  STORAGE(INITIAL 65536 NEXT 1048576 MINEXTENTS 1 MAXEXTENTS 2147483645
  PCTINCREASE 0 FREELISTS 1 FREELIST GROUPS 1
  BUFFER_POOL DEFAULT FLASH_CACHE DEFAULT CELL_FLASH_CACHE DEFAULT)
  TABLESPACE "USERS"  ENABLE;
  ALTER TABLE "SCHOOLS_K12_DW"."DIMHSGTDOMAIN" MODIFY ("HSGTDOMAINID" NOT NULL ENABLE);
--------------------------------------------------------
--  Constraints for Table DIMSTAFF
--------------------------------------------------------

  ALTER TABLE "SCHOOLS_K12_DW"."DIMSTAFF" ADD CONSTRAINT "DIMSTAFF_PK" PRIMARY KEY ("STAFFID")
  USING INDEX PCTFREE 10 INITRANS 2 MAXTRANS 255 
  STORAGE(INITIAL 65536 NEXT 1048576 MINEXTENTS 1 MAXEXTENTS 2147483645
  PCTINCREASE 0 FREELISTS 1 FREELIST GROUPS 1
  BUFFER_POOL DEFAULT FLASH_CACHE DEFAULT CELL_FLASH_CACHE DEFAULT)
  TABLESPACE "USERS"  ENABLE;
  ALTER TABLE "SCHOOLS_K12_DW"."DIMSTAFF" MODIFY ("STAFFID" NOT NULL ENABLE);
--------------------------------------------------------
--  Constraints for Table DIMABSENCECODE
--------------------------------------------------------

  ALTER TABLE "SCHOOLS_K12_DW"."DIMABSENCECODE" ADD CONSTRAINT "DIMABSENCECODE_PK" PRIMARY KEY ("ABSENCECODEID")
  USING INDEX PCTFREE 10 INITRANS 2 MAXTRANS 255 
  STORAGE(INITIAL 65536 NEXT 1048576 MINEXTENTS 1 MAXEXTENTS 2147483645
  PCTINCREASE 0 FREELISTS 1 FREELIST GROUPS 1
  BUFFER_POOL DEFAULT FLASH_CACHE DEFAULT CELL_FLASH_CACHE DEFAULT)
  TABLESPACE "USERS"  ENABLE;
  ALTER TABLE "SCHOOLS_K12_DW"."DIMABSENCECODE" MODIFY ("ABSENCECODEID" NOT NULL ENABLE);
--------------------------------------------------------
--  Constraints for Table DIMDISCIPLINEEVENTCODE
--------------------------------------------------------

  ALTER TABLE "SCHOOLS_K12_DW"."DIMDISCIPLINEEVENTCODE" ADD CONSTRAINT "DIMDISCIPLINEEVENTCODE_PK" PRIMARY KEY ("DISCIPLINEEVENTCODEID")
  USING INDEX PCTFREE 10 INITRANS 2 MAXTRANS 255 
  STORAGE(INITIAL 65536 NEXT 1048576 MINEXTENTS 1 MAXEXTENTS 2147483645
  PCTINCREASE 0 FREELISTS 1 FREELIST GROUPS 1
  BUFFER_POOL DEFAULT FLASH_CACHE DEFAULT CELL_FLASH_CACHE DEFAULT)
  TABLESPACE "USERS"  ENABLE;
  ALTER TABLE "SCHOOLS_K12_DW"."DIMDISCIPLINEEVENTCODE" MODIFY ("DISCIPLINEEVENTCODEID" NOT NULL ENABLE);
--------------------------------------------------------
--  Constraints for Table DIMWITHDRAWALCODE
--------------------------------------------------------

  ALTER TABLE "SCHOOLS_K12_DW"."DIMWITHDRAWALCODE" ADD CONSTRAINT "DIMWITHDRAWALCODE_PK" PRIMARY KEY ("WITHDRAWALCODEID")
  USING INDEX PCTFREE 10 INITRANS 2 MAXTRANS 255 COMPUTE STATISTICS 
  STORAGE(INITIAL 65536 NEXT 1048576 MINEXTENTS 1 MAXEXTENTS 2147483645
  PCTINCREASE 0 FREELISTS 1 FREELIST GROUPS 1
  BUFFER_POOL DEFAULT FLASH_CACHE DEFAULT CELL_FLASH_CACHE DEFAULT)
  TABLESPACE "USERS"  ENABLE;
  ALTER TABLE "SCHOOLS_K12_DW"."DIMWITHDRAWALCODE" MODIFY ("WITHDRAWALCODEDESC" NOT NULL ENABLE);
  ALTER TABLE "SCHOOLS_K12_DW"."DIMWITHDRAWALCODE" MODIFY ("WITHDRAWALCODE" NOT NULL ENABLE);
  ALTER TABLE "SCHOOLS_K12_DW"."DIMWITHDRAWALCODE" MODIFY ("WITHDRAWALCODEID" NOT NULL ENABLE);
--------------------------------------------------------
--  Constraints for Table DIMCOURSE
--------------------------------------------------------

  ALTER TABLE "SCHOOLS_K12_DW"."DIMCOURSE" ADD CONSTRAINT "DIMCOURSE_PK" PRIMARY KEY ("COURSEID")
  USING INDEX PCTFREE 10 INITRANS 2 MAXTRANS 255 
  TABLESPACE "USERS"  ENABLE;
  ALTER TABLE "SCHOOLS_K12_DW"."DIMCOURSE" MODIFY ("COURSEID" NOT NULL ENABLE);
--------------------------------------------------------
--  Ref Constraints for Table DIMSTANDARIZEDTESTDOMAIN
--------------------------------------------------------

  ALTER TABLE "SCHOOLS_K12_DW"."DIMSTANDARIZEDTESTDOMAIN" ADD CONSTRAINT "SUBJECTID" FOREIGN KEY ("SUBJECTID")
	  REFERENCES "SCHOOLS_K12_DW"."DIMSUBJECT" ("SUBJECTID") ENABLE;
